original_city,canonical_city,changed,original_bookings,canonical_bookings
Madrid,Madrid,False,61315,61315
Barcelona,Barcelona,False,27987,27987
Sevilla,Sevilla,False,26417,26417
Toledo,Toledo,False,19599,19599
Málaga,Málaga,False,17675,17675
Santo Domingo de la Calzada,Santo Domingo de la Calzada,False,10773,10773
Valencia,Valencia,False,10751,10751
Santiago de Compostela,Santiago de Compostela,False,9533,9533
Tarifa,Tarifa,False,8920,8920
Granada,Granada,False,8287,8287
Segovia,Segovia,False,7214,7214
"Marbella, Málaga","Marbella, Málaga",False,6779,6779
Alicante,Alicante,False,6701,6701
A Coruña,A Coruña,False,6609,6609
Santander,Santander,False,6325,6325
Pedrouzo,Pedrouzo,False,6098,6098
Zaragoza,Zaragoza,False,6082,6082
Valladolid,Valladolid,False,5769,5769
"Sarria, Lugo","Sarria, Lugo",False,5622,5622
Salamanca,Salamanca,False,5616,5616
Redondela ,Redondela ,False,5561,5561
Manises,Manises,False,5501,5501
Córdoba,Córdoba,False,5489,5489
Mazagón,Mazagón,False,5413,5413
Torrevieja,Torrevieja,False,5325,5325
León,León,False,5305,5305
"O Pino, A Coruña","O Pino, A Coruña",False,5236,5236
Caldas de Reis,Caldas de Reis,False,5231,5231
Setenil de las Bodegas,Setenil de las Bodegas,False,5204,5204
VALENCIA,Valencia,True,5178,10751
Redondela (Pontevedra),Redondela (Pontevedra),False,5171,5171
Soutomaior,Soutomaior,False,4997,4997
Miño,Miño,False,4974,4974
Pontevedra,Pontevedra,False,4895,4895
Oviedo,Oviedo,False,4794,4794
MURCIA,MURCIA,False,4577,4577
Sitges,Sitges,False,4574,4574
Puerto de la Cruz,Puerto de la Cruz,False,4537,4537
Nerja,Nerja,False,4525,4525
Jerez de la Frontera,Jerez de la Frontera,False,4517,4517
O Pino,O Pino,False,4209,4209
"Nerja, Málaga","Nerja, Málaga",False,3965,3965
Castro-Urdiales,Castro-Urdiales,False,3920,3920
Valderrobres,Valderrobres,False,3742,3742
Portomarín,Portomarín,False,3691,3691
Cervera,Cervera,False,3682,3682
"Maó, Illes Balears","Maó, Illes Balears",False,3590,3590
València,Valencia,True,3587,10751
Guadalajara,Guadalajara,False,3510,3510
San Sebastián-Donostia,San Sebastián-Donostia,False,3497,3497
Yecla,Yecla,False,3487,3487
Cullera,Cullera,False,3452,3452
"Isla Cristina, Huelva","Isla Cristina, Huelva",False,3286,3286
Burgos,Burgos,False,3283,3283
El Médano,El Médano,False,3281,3281
"Tarifa, Cádiz","Tarifa, Cádiz",False,3262,3262
"Tejina, Santa Cruz de Tenerife","Tejina, Santa Cruz de Tenerife",False,3255,3255
Las Palmas de Gran Canaria,Las Palmas de Gran Canaria,False,3255,3255
"Belchite, Zaragoza","Belchite, Zaragoza",False,3221,3221
"L'Escala, Girona","L'Escala, Girona",False,3166,3166
Nájera,Nájera,False,3163,3163
Mojácar,Mojácar,False,3106,3106
Vejer de la frontera,Vejer de la frontera,False,3092,3092
"Redondela, Pontevedra","Redondela, Pontevedra",False,3088,3088
Tarragona,Tarragona,False,3075,3075
"Pedrafita do Cebreiro, Lugo","Pedrafita do Cebreiro, Lugo",False,3013,3013
Roses,Roses,False,3009,3009
"Jerez de la Frontera, Cádiz","Jerez de la Frontera, Cádiz",False,2978,2978
Salou,Salou,False,2824,2824
"Alacant, Alicante,","Alacant, Alicante,",False,2824,2824
Padrón,Padrón,False,2783,2783
La Savina,La Savina,False,2758,2758
Cádiz,Cádiz,False,2756,2756
Pamplona,Pamplona,False,2752,2752
Denia,Denia,False,2751,2751
Matalascañas,Matalascañas,False,2685,2685
"Zubiri, Navarra","Zubiri, Navarra",False,2642,2642
"Las Cabezas de San Juan, Sevilla","Las Cabezas de San Juan, Sevilla",False,2600,2600
Fornells,Fornells,False,2574,2574
Almagro,Almagro,False,2563,2563
MALAGA,Málaga,True,2486,17675
Bergara,Bergara,False,2465,2465
Calpe,Calpe,False,2438,2438
Carboneras,Carboneras,False,2428,2428
Alhaurín el Grande,Alhaurín el Grande,False,2409,2409
ZAFRA,ZAFRA,False,2390,2390
Muxia,Muxia,False,2371,2371
"Tudela, Navarra","Tudela, Navarra",False,2362,2362
Cambrils,Cambrils,False,2341,2341
"Vall-llobrega, Girona","Vall-llobrega, Girona",False,2228,2228
"Candás, Asturias","Candás, Asturias",False,2209,2209
Las Negras,Las Negras,False,2194,2194
Tossa de Mar,Tossa de Mar,False,2191,2191
L'Alcúdia,L'Alcúdia,False,2158,2158
Castillo Caleta de Fuste,Castillo Caleta de Fuste,False,2153,2153
Corralejo,Corralejo,False,2118,2118
Muxía,Muxia,True,2110,2371
Sarria,Sarria,False,2085,2085
Sos del Rey Católico,Sos del Rey Católico,False,2077,2077
Santa cruz de Tenerife,Santa cruz de Tenerife,False,2045,2045
Montoro,Córdoba,True,2032,5489
"El Puerto de Sta María, Cádiz",Cádiz,True,1996,2756
"Vicolozano, Ávila","Vicolozano, Ávila",False,1989,1989
La Guardia,Toledo,True,1986,19599
El Altet (Elche) Alicante,"Alacant, Alicante,",True,1971,2824
Logroño,Nájera,True,1963,3163
Ronda,Setenil de las Bodegas,True,1957,5204
Murcia,MURCIA,True,1942,4577
"Las Herrerías, León,","Pedrafita do Cebreiro, Lugo",True,1941,3013
"Vic, Barcelona,","Vic, Barcelona,",False,1934,1934
MADRID,Madrid,True,1924,61315
Zamora,Zamora,False,1919,1919
Aspe,"Alacant, Alicante,",True,1907,2824
Portonovo,Pontevedra,True,1905,4895
GRANADA,Granada,True,1885,8287
CASTELLON DE PLANA,CASTELLON DE PLANA,False,1879,1879
Guardo,Guardo,False,1876,1876
Talavera de la Reina,Talavera de la Reina,False,1836,1836
Ferrol,Miño,True,1828,4974
"Castellfollit de la Roca, Girona","Castellfollit de la Roca, Girona",False,1806,1806
Cañaveral,Cañaveral,False,1803,1803
Manacor,Manacor,False,1797,1797
"La Cistérniga, Valladolid",Valladolid,True,1789,5769
"Villanúa, Huesca","Villanúa, Huesca",False,1777,1777
Girona,"L'Escala, Girona",True,1772,3166
"Sigüenza, Guadalajara","Sigüenza, Guadalajara",False,1743,1743
"Donostia, Gipuzkoa",San Sebastián-Donostia,True,1741,3497
La Cabrera,Segovia,True,1739,7214
Épila,Zaragoza,True,1710,6082
Cuenca,Cuenca,False,1705,1705
Almazán,Almazán,False,1702,1702
Banyalbufar,Banyalbufar,False,1700,1700
REDONDELA,Redondela ,True,1700,5561
San pedro de alcantara,"Marbella, Málaga",True,1655,6779
Benissa,Calpe,True,1648,2438
Fuencaliente de La Palma,Fuencaliente de La Palma,False,1636,1636
"Getxo, Bizkaia",Castro-Urdiales,True,1614,3920
Calafell,Sitges,True,1611,4574
Córdoba ,Córdoba,True,1608,5489
Blanes,Tossa de Mar,True,1602,2191
"Mijas, Málaga",Alhaurín el Grande,True,1594,2409
"Vilanova de la Muga, Girona",Roses,True,1584,3009
Cartagena,MURCIA,True,1583,4577
"Alcalá de Henares, Madrid",Guadalajara,True,1573,3510
"Espot, Lleida","Espot, Lleida",False,1567,1567
Sant Andreu De Llavaneres,Barcelona,True,1566,27987
"Rupit, Barcelona","Rupit, Barcelona",False,1566,1566
"Cambrils, Tarragona",Cambrils,True,1561,2341
San Sebastian ,San Sebastián-Donostia,True,1560,3497
Beranga,Santander,True,1559,6325
"Usurbil, Gipuzkoa",San Sebastián-Donostia,True,1556,3497
Jaén,Jaén,False,1536,1536
"Girona,","Vall-llobrega, Girona",True,1524,2228
Negreira,Santiago de Compostela,True,1522,9533
El Chorro,Alhaurín el Grande,True,1512,2409
Can Picafort,Can Picafort,False,1495,1495
"Sitges, Barcelona",Sitges,True,1482,4574
Estepona,"Marbella, Málaga",True,1481,6779
"San José de los Llanos, Santa Cruz de Tenerife","San José de los Llanos, Santa Cruz de Tenerife",False,1468,1468
"Sepúlveda, Segovia",Segovia,True,1465,7214
"Ochagavía, Navarra","Zubiri, Navarra",True,1460,2642
"Dénia, Alicante",Denia,True,1460,2751
Cacabelos,"Pedrafita do Cebreiro, Lugo",True,1449,3013
Alaró,Alaró,False,1437,1437
"Los Santos de la Humosa, Madrid",Guadalajara,True,1436,3510
Espinosa de los Monteros,Castro-Urdiales,True,1433,3920
"Cazorla, Jaén","Cazorla, Jaén",False,1425,1425
Cabrils,Barcelona,True,1415,27987
Sos Del Rey Catolico,Sos del Rey Católico,True,1406,2077
Barcelona ,Barcelona,True,1403,27987
Artà,Artà,False,1403,1403
"Tossa de Mar, Girona",Tossa de Mar,True,1392,2191
Palma de Mallorca ,Palma de Mallorca ,False,1386,1386
Jaén ,Jaén ,False,1379,1379
Ceuta,"Tarifa, Cádiz",True,1366,3262
Aínsa,Aínsa,False,1360,1360
Villaciervos,Villaciervos,False,1349,1349
TOSSA DE MAR,Tossa de Mar,True,1345,2191
Estellencs,Estellencs,False,1335,1335
Oasis del Sur,Oasis del Sur,False,1334,1334
Cadiz,Cádiz,True,1330,2756
"Cala en Porter, Illes Balears","Maó, Illes Balears",True,1326,3590
Estación de Mora - Albentosa,Estación de Mora - Albentosa,False,1324,1324
"Llanes, Asturias","Llanes, Asturias",False,1320,1320
"Úbeda, Jaén","Úbeda, Jaén",False,1317,1317
Mondoñedo,Mondoñedo,False,1307,1307
Marbella,"Marbella, Málaga",True,1299,6779
Alcañiz,Valderrobres,True,1296,3742
Tudela ,"Tudela, Navarra",True,1294,2362
Las Regueras,Oviedo,True,1280,4794
Punta Prima,"Maó, Illes Balears",True,1275,3590
"Santiago de Compostela, A Coruña",Santiago de Compostela,True,1274,9533
"Canfranc-Estación, Huesca","Canfranc-Estación, Huesca",False,1273,1273
"O Pedrouzo, A Coruña",O Pino,True,1255,4209
Zafra,ZAFRA,True,1252,2390
Getaria,San Sebastián-Donostia,True,1250,3497
Badalona,Barcelona,True,1245,27987
Puente Villarente,León,True,1241,5305
Aldeanueva del Camino,Aldeanueva del Camino,False,1233,1233
"Cabo de Palos, Murcia",Torrevieja,True,1223,5325
Moscari,Moscari,False,1215,1215
"Navaconcejo, Cáceres","Navaconcejo, Cáceres",False,1208,1208
Archidona,Málaga,True,1190,17675
Urdaniz,"Zubiri, Navarra",True,1172,2642
"Almagro, Ciudad Real",Almagro,True,1169,2563
Alaior,"Maó, Illes Balears",True,1164,3590
Meranges,Meranges,False,1154,1154
Arzúa,"O Pino, A Coruña",True,1153,5236
"Castissent, Lleida","Castissent, Lleida",False,1147,1147
"Comillas, Cantabria",Santander,True,1142,6325
Mallabia,Bergara,True,1141,2465
"Tolox, Málaga","Marbella, Málaga",True,1140,6779
"Llafranc, Girona","Vall-llobrega, Girona",True,1136,2228
Novelda,"Alacant, Alicante,",True,1132,2824
Hermandad de Campoo de Suso,Hermandad de Campoo de Suso,False,1130,1130
"Arsèguel, Lleida","Arsèguel, Lleida",False,1126,1126
Vilanova de Arousa,Caldas de Reis,True,1125,5231
Magallon,"Tudela, Navarra",True,1122,2362
"Deba, Pais Vasco",Bergara,True,1115,2465
Alhaurín de la Torre,Alhaurín el Grande,True,1115,2409
Candeleda,Candeleda,False,1115,1115
Manzanares,Almagro,True,1114,2563
"Sanxexo, Pontevedra",Pontevedra,True,1110,4895
Valle de Abdalajís,Málaga,True,1102,17675
"San Ambrosio, Barbate",Vejer de la frontera,True,1100,3092
Malpica,A Coruña,True,1096,6609
"Anglès, Girona",Tossa de Mar,True,1094,2191
Blocona,Burgos,True,1091,3283
Güejar Sierra,Granada,True,1088,8287
SAN PEDRO ALCANTARA,"Marbella, Málaga",True,1088,6779
Puerto de Mogán (Lomoquiebre),Puerto de Mogán (Lomoquiebre),False,1086,1086
"Salvatierra de Tormes, Salamanca",Salamanca,True,1079,5616
PAMPLONA,Pamplona,True,1050,2752
Lugo,"O Pino, A Coruña",True,1044,5236
"Gaucin, Malaga","Marbella, Málaga",True,1039,6779
Bilbao,Castro-Urdiales,True,1023,3920
O Pedrouzo,O Pino,True,1019,4209
"Vélez Blanco, Almeria","Vélez Blanco, Almeria",False,1016,1016
Benalmádena,Málaga,True,1015,17675
Mérida,Mérida,False,1005,1005
El Bruc,Sitges,True,1000,4574
Tresviso,Tresviso,False,995,995
"Baiona, Pontevedra","Redondela, Pontevedra",True,995,3088
"Alfondeguilla, Castellón",Valencia,True,994,10751
Garai,Bergara,True,989,2465
Algeciras,"Tarifa, Cádiz",True,987,3262
San Carlos de Peralta,La Savina,True,982,2758
"Fortià, Girona",Roses,True,977,3009
"Garganta la Olla, Cáceres","Garganta la Olla, Cáceres",False,974,974
"Santa Pau, Girona,","Santa Pau, Girona,",False,973,973
"Camprodon, Girona,","Camprodon, Girona,",False,969,969
Úbeda,Úbeda,False,969,969
Santillana Del Mar,Santander,True,959,6325
Sant Marti de Centelles (Barcelona),Barcelona,True,955,27987
"PESQUERA DE DUERO, VALLADOLID",Valladolid,True,954,5769
Arcos de la Frontera(Cádiz),"Las Cabezas de San Juan, Sevilla",True,950,2600
ALMANSA,Yecla,True,942,3487
"Estepona, Málaga,","Marbella, Málaga",True,939,6779
Malaga,Málaga,True,935,17675
Arnedillo,Nájera,True,930,3163
AVILA,AVILA,False,929,929
Benialí,Denia,True,925,2751
"Puigcerdà, Girona","Puigcerdà, Girona",False,922,922
Costitx,Costitx,False,915,915
Adeje,Adeje,False,914,914
Cala Figuera ,Cala Figuera ,False,897,897
Vélez Málaga ,"Nerja, Málaga",True,896,3965
Maó,"Maó, Illes Balears",True,894,3590
Campelles,Campelles,False,894,894
"Oropesa, Toledo","Oropesa, Toledo",False,892,892
"Espinavell, Girona,","Vall-llobrega, Girona",True,887,2228
Balmaseda,Castro-Urdiales,True,886,3920
"Sant Feliu de Guíxols, Girona,",Tossa de Mar,True,881,2191
La Laguna,La Laguna,False,881,881
Cudillero,"Candás, Asturias",True,877,2209
"Llers, Girona",Roses,True,876,3009
"Rascafría, Madrid",Segovia,True,874,7214
Ferreries,Fornells,True,872,2574
Mogro,Santander,True,870,6325
Canet de Adri,"Vall-llobrega, Girona",True,861,2228
Vega de San Mateo,Vega de San Mateo,False,859,859
"El Pedroso, Sevilla","El Pedroso, Sevilla",False,854,854
Larraga,Pamplona,True,854,2752
EMPURIABRAVA,Roses,True,854,3009
Ponferrada,"Pedrafita do Cebreiro, Lugo",True,854,3013
Cadaqués,Roses,True,852,3009
Granadilla,Granadilla,False,845,845
Antequera,Málaga,True,839,17675
Oropesa (Toledo),Oropesa (Toledo),False,837,837
TARIFA,Tarifa,True,833,8920
Marbella ,"Marbella, Málaga",True,831,6779
Xàtiva,L'Alcúdia,True,816,2158
"Conil de la Frontera, Cádiz",Vejer de la frontera,True,816,3092
Donamaria,"Zubiri, Navarra",True,813,2642
Santa Maria de Palautordera,Tossa de Mar,True,808,2191
Cabezón de Liébana,Cabezón de Liébana,False,803,803
Capileira,Granada,True,802,8287
Ea,Bergara,True,801,2465
Graus,Graus,False,798,798
Pesquera de Duero,Valladolid,True,792,5769
MOLINASECA,"Pedrafita do Cebreiro, Lugo",True,789,3013
cordoba,Córdoba,True,789,5489
"Güímar, Santa Cruz de Tenerife","Güímar, Santa Cruz de Tenerife",False,787,787
Puigcerdà,Puigcerdà,False,784,784
Cantabria,Cantabria,False,779,779
"A Guarda, Pontevedra","Redondela, Pontevedra",True,779,3088
"Busquístar, Granada",Granada,True,774,8287
Arenas de San Pedro,Arenas de San Pedro,False,770,770
"San José, Almería",Las Negras,True,769,2194
"Porqueres, Girona,","L'Escala, Girona",True,768,3166
"Terrades, Girona",Roses,True,767,3009
"Ventolà, Girona","Vall-llobrega, Girona",True,767,2228
Alcarràs,Alcarràs,False,766,766
Pedraza,Segovia,True,764,7214
Inca,Inca,False,760,760
"Abanillas, Cantabria",Santander,True,756,6325
"Alcalá la Real, Jaén",Granada,True,756,8287
Alhama de Aragón,Alhama de Aragón,False,755,755
"Vecindario, Gran Canaria. ","Vecindario, Gran Canaria. ",False,753,753
Benifallet,Valderrobres,True,753,3742
Eljas,Eljas,False,753,753
Playa Honda,Playa Honda,False,748,748
Arona,Arona,False,746,746
El Provencio,El Provencio,False,744,744
"Las Rozas, Asturias","Las Rozas, Asturias",False,744,744
Las Palmas de Gran Canarias,Las Palmas de Gran Canaria,True,743,3255
"Vilaverd, Tarragona",Tarragona,True,742,3075
Cabo de Palos,Torrevieja,True,740,5325
Bellver de la Cerdanya,Bellver de la Cerdanya,False,732,732
"Laspaúles, Huesca","Laspaúles, Huesca",False,731,731
Oleiros,A Coruña,True,729,6609
"Cañadas del Romero, Mazarrón",MURCIA,True,726,4577
Sigüenza,Sigüenza,False,718,718
SANTO DOMINGO DE LA CALZADA,Santo Domingo de la Calzada,True,713,10773
Caldes D Estrac,Barcelona,True,710,27987
El Burgo de Osma,El Burgo de Osma,False,705,705
"Vejer de la Frontera, Cádiz",Vejer de la frontera,True,703,3092
JEREZ DE LA FRONTERA,Jerez de la Frontera,True,700,4517
La Orotava,La Orotava,False,700,700
Santiago de Compostela - La Coruña,Santiago de Compostela,True,693,9533
Morro Jable,Morro Jable,False,689,689
Villarreal de San Carlos,Villarreal de San Carlos,False,689,689
"Punta Umbría, Huelva",Mazagón,True,681,5413
Alajeró - La Gomera,Alajeró - La Gomera,False,681,681
Santa Cruz de Tenerife,Santa cruz de Tenerife,True,678,2045
"El Algar, Cartagena",Torrevieja,True,676,5325
Hondarribia,San Sebastián-Donostia,True,673,3497
Santo Domingo de la Cazada,Santo Domingo de la Calzada,True,671,10773
"Mogarraz, Salamanca","Mogarraz, Salamanca",False,667,667
Covas - Ames,Santiago de Compostela,True,666,9533
Colmenar del Arroyo,Madrid,True,663,61315
"Santillana del Mar, Cantabria",Santander,True,662,6325
Peñafiel,Valladolid,True,657,5769
Eivissa,La Savina,True,654,2758
 La Vall de Laguar,Denia,True,654,2751
Ulldemolins,Cambrils,True,653,2341
Cuellar,Valladolid,True,649,5769
Vimbodí i Poblet,Tarragona,True,646,3075
La Aldea de San Nicolás,La Aldea de San Nicolás,False,644,644
"Cubells, Lleida",Cervera,True,644,3682
Arroyo de la Encomienda,Valladolid,True,641,5769
Deltebre,Cambrils,True,638,2341
Teruel,Teruel,False,632,632
Toledo ,Toledo,True,631,19599
Argés,Toledo,True,629,19599
"Villalón de Campos, Valladolid","Villalón de Campos, Valladolid",False,627,627
RONDA,Setenil de las Bodegas,True,627,5204
Playa del Ingles,Playa del Ingles,False,624,624
"Planoles, Girona","Planoles, Girona",False,623,623
Villalba de Rioja,Santo Domingo de la Calzada,True,621,10773
LA CÁNDANA DE CURUEÑO - LEÓN,León,True,618,5305
Campllong,Tossa de Mar,True,613,2191
Riu de Cerdanya,Riu de Cerdanya,False,610,610
Maria de la Salut,Maria de la Salut,False,609,609
"Ossa de Montiel, Albacete, ","Ossa de Montiel, Albacete, ",False,606,606
Dehesa de Campoamor,Torrevieja,True,603,5325
"Setenil  de las bodegas, Cádiz,",Setenil de las Bodegas,True,601,5204
Vilallonga de Ter (Girona),Vilallonga de Ter (Girona),False,598,598
"Cóbreces, Cantabria,",Santander,True,596,6325
"Canet de Mar, Barcelona",Barcelona,True,596,27987
Oronz,"Zubiri, Navarra",True,595,2642
Sineu,Sineu,False,593,593
Sunbilla,"Zubiri, Navarra",True,583,2642
Santa Eulalia del Río (Ibiza),La Savina,True,582,2758
Getxo,Castro-Urdiales,True,578,3920
Prado del Rey ,Setenil de las Bodegas,True,574,5204
Maspalomas,Maspalomas,False,573,573
Redondela,Redondela ,True,572,5561
" Dúrcal, Granada",Granada,True,560,8287
Las Breñas,Las Breñas,False,559,559
Llançà,Roses,True,558,3009
Villavieja del Lozoya,Segovia,True,557,7214
MARBELLA,"Marbella, Málaga",True,556,6779
"Puntagorda, La Palma","Puntagorda, La Palma",False,553,553
"Las Rozas, Madrid",Madrid,True,552,61315
Abaurrepea / Abaurrea Baja,"Zubiri, Navarra",True,552,2642
Santa Eulària des Riu,La Savina,True,549,2758
"Baeza, Jaén","Baeza, Jaén",False,549,549
"Calaceite, Teruel",Valderrobres,True,548,3742
Llubí,Llubí,False,547,547
"Talavera de la Reina, Toledo,","Talavera de la Reina, Toledo,",False,545,545
"Grazalema, Cádiz",Setenil de las Bodegas,True,541,5204
Albarracín,Albarracín,False,538,538
Cap d'Artrutx,Fornells,True,537,2574
Algemesi,L'Alcúdia,True,536,2158
"Soo, Las Palmas","Soo, Las Palmas",False,533,533
HUÉSCAR,HUÉSCAR,False,532,532
"El Mallol, Girona","El Mallol, Girona",False,531,531
Elizondo,"Zubiri, Navarra",True,529,2642
Miranda De Ebro,Santo Domingo de la Calzada,True,526,10773
"Ciutadella de Menorca, Illes Balears",Fornells,True,519,2574
Frontera,Frontera,False,518,518
"Congostro, Province of Ourense","Congostro, Province of Ourense",False,517,517
Almería,Almería,False,515,515
Alcalà de Xivert,Alcalà de Xivert,False,515,515
"Xàbia, Alicante,",Denia,True,513,2751
TIAS,TIAS,False,512,512
Pandiello. Cabrales,Pandiello. Cabrales,False,512,512
Caldes d'Estrac,Barcelona,True,509,27987
Valldemossa,Valldemossa,False,509,509
Alcalà ,Alcalà ,False,509,509
Guernica,Bergara,True,508,2465
"San Isidro, Santa Cruz de Tenerife,","San Isidro, Santa Cruz de Tenerife,",False,507,507
SAN ROMAN - SANTANDER,Santander,True,506,6325
Sa Cabaneta,Sa Cabaneta,False,506,506
La Puebla de los Infantes,La Puebla de los Infantes,False,506,506
Aren,Madrid,True,506,61315
Arguineguin,Arguineguin,False,504,504
GARGANTILLA de LOZOYA,Segovia,True,504,7214
Fontanilles,"L'Escala, Girona",True,501,3166
"Argoños, Cantabria,",Castro-Urdiales,True,501,3920
"El Medano, Santa Cruz de Tenerife","El Medano, Santa Cruz de Tenerife",False,497,497
Banyeres del Penedès,Sitges,True,496,4574
Formentera,La Savina,True,495,2758
"El Pla Del Penedès, Barcelona",Sitges,True,494,4574
Castell de Castells,Calpe,True,493,2438
Santa Colomba de las Arrimadas,León,True,492,5305
"Güejar Sierra, Granada",Granada,True,492,8287
Cuevas del Almanzora,Mojácar,True,492,3106
Puebla de Alcocer,Puebla de Alcocer,False,491,491
 Freixinet,Cervera,True,491,3682
Salinas,"Candás, Asturias",True,490,2209
Pau,Roses,True,489,3009
"Santa María del Tiétar,","Santa María del Tiétar,",False,489,489
Fuenteheridos,Fuenteheridos,False,487,487
Villafranca del Bierzo,"Pedrafita do Cebreiro, Lugo",True,486,3013
"Candeleda, Ávila","Candeleda, Ávila",False,486,486
Osuna,Setenil de las Bodegas,True,484,5204
"Hiendelaencina, Guadalajara","Hiendelaencina, Guadalajara",False,483,483
Viladrau,Tossa de Mar,True,483,2191
L'estartit,"L'Escala, Girona",True,482,3166
Garós,Garós,False,482,482
Borredà,Borredà,False,480,480
Pinto,Madrid,True,479,61315
Aracena,Aracena,False,478,478
Arcos de la Frontera,"Las Cabezas de San Juan, Sevilla",True,476,2600
"Altron, Lleida","Altron, Lleida",False,476,476
Bizkaia,Bergara,True,470,2465
Banyoles,"L'Escala, Girona",True,470,3166
"Molló, Girona","Molló, Girona",False,469,469
Breña Alta,Breña Alta,False,469,469
Avinyonet de Puigventós,Roses,True,468,3009
El Tiemblo (Avila),El Tiemblo (Avila),False,462,462
" Vigo, Zamora,"," Vigo, Zamora,",False,461,461
Cortes de la Frontera ,Setenil de las Bodegas,True,461,5204
"Navarrete, ",Nájera,True,460,3163
castalla,Alicante,True,458,6701
Santa Eulalia del Río,La Savina,True,457,2758
"Es Camp de Mar, Balearic Islands","Es Camp de Mar, Balearic Islands",False,454,454
"Torrox Pueblo, Málaga","Nerja, Málaga",True,452,3965
"Berlanga del Duero, Soria","Berlanga del Duero, Soria",False,451,451
San Pedro del Pinatar,Torrevieja,True,450,5325
"Rota, Cádiz",Cádiz,True,450,2756
Múnter (Muntanyola),Múnter (Muntanyola),False,450,450
Terrassa,Barcelona,True,450,27987
Monachil,Granada,True,449,8287
Benidorm,Calpe,True,448,2438
Sant Lluís,"Maó, Illes Balears",True,446,3590
Astudillo,Astudillo,False,445,445
Bóveda ,"Sarria, Lugo",True,442,5622
Canet de Mar,Tossa de Mar,True,440,2191
Estella-Lizarra,Pamplona,True,440,2752
"Canet d'Adri, Girona","Vall-llobrega, Girona",True,439,2228
Silleda,O Pino,True,437,4209
San Bartolomé de Tirajana,San Bartolomé de Tirajana,False,437,437
Turre - Almeria,Mojácar,True,437,3106
"Taranilla, León,","Taranilla, León,",False,437,437
Villalba de la Sierra ,Villalba de la Sierra ,False,436,436
Tudes,Tudes,False,434,434
L'Ampolla,Cambrils,True,434,2341
 Guzmán, Guzmán,False,432,432
Benissivà,Denia,True,430,2751
Ayora,Yecla,True,427,3487
Valle,"Candás, Asturias",True,426,2209
Pereiro de Aguiar,Pereiro de Aguiar,False,425,425
"Lukiano, Araba",Bergara,True,425,2465
Urrea de Gaen,"Belchite, Zaragoza",True,423,3221
Llanes,Llanes,False,422,422
"Mourisca, Province of Ourense",Soutomaior,True,421,4997
"Sada, A Coruña",Miño,True,420,4974
"Portocolom, Illes Balears","Portocolom, Illes Balears",False,417,417
Baiona,"Redondela, Pontevedra",True,417,3088
BAZA,BAZA,False,417,417
"38700 Santa Cruz de la Palma , Santa Cruz de Tenerife ","38700 Santa Cruz de la Palma , Santa Cruz de Tenerife ",False,417,417
Ripoll,Ripoll,False,417,417
Vigo,"Redondela, Pontevedra",True,416,3088
Guadix,Granada,True,414,8287
Daroca,Daroca,False,412,412
"Santa Margarida de Montbui, Barcelona",Cervera,True,408,3682
Larrión,Pamplona,True,406,2752
Goizueta,San Sebastián-Donostia,True,406,3497
"Constantina, Sevilla","Constantina, Sevilla",False,405,405
Legazpi,Bergara,True,405,2465
Orihuela Costa,Torrevieja,True,404,5325
El Valle,"Candás, Asturias",True,404,2209
"Benidorm, Alicante",Calpe,True,403,2438
"Reíllo, Cuenca","Reíllo, Cuenca",False,403,403
Briñas,Santo Domingo de la Calzada,True,402,10773
"Cabó, Lleida,","Cabó, Lleida,",False,399,399
"Freixenet de Segarra, Lleida",Cervera,True,397,3682
Cabrera de Mar,Barcelona,True,395,27987
Talaván,Talaván,False,393,393
Cazorla,Cazorla,False,393,393
TEULADA,Calpe,True,392,2438
"El Mas de Gerembí, Tarragona",Tarragona,True,389,3075
Maturana - Barrundia,Bergara,True,388,2465
Altea,Calpe,True,388,2438
Sant Salvador de Bianya,Sant Salvador de Bianya,False,385,385
"Orba, Alicante",Denia,True,383,2751
Les Useres,Les Useres,False,382,382
Els Masos de Pals,"L'Escala, Girona",True,381,3166
"Sant Martí Vell, Girona","Vall-llobrega, Girona",True,380,2228
Las palmas,Las palmas,False,380,380
Villablino ,Villablino ,False,379,379
Castellbisbal ,Barcelona,True,375,27987
"Chulilla, Valencia",Manises,True,374,5501
Torrelles de Foix,Sitges,True,373,4574
GIJÓN,"Candás, Asturias",True,372,2209
"Salobreña, Granada",Nerja,True,371,4525
"Ribes de Freser,","Ribes de Freser,",False,371,371
Leon,León,True,369,5305
"Deltebre, Tarragona",Valderrobres,True,368,3742
Cala Rajada,Cala Rajada,False,366,366
Guadalcanal,Guadalcanal,False,364,364
Arbancon,Guadalajara,True,364,3510
Manzanal de los Infantes,Manzanal de los Infantes,False,363,363
 Matalascañas (Almonte),Matalascañas,True,362,2685
Capellades,Sitges,True,361,4574
"Tramacastilla de Tena, Huesca","Tramacastilla de Tena, Huesca",False,360,360
CANGAS DE ONIS,CANGAS DE ONIS,False,357,357
Badajoz ,Badajoz ,False,357,357
Santa Maria de Nava,Santa Maria de Nava,False,356,356
El Castell de Guadalest,Calpe,True,355,2438
Rota,Cádiz,True,354,2756
"Rodezno, La Rioja,",Santo Domingo de la Calzada,True,354,10773
"Sos del Rey Católico, Zaragoza",Zaragoza,True,353,6082
Siguenza Guadalajara,Siguenza Guadalajara,False,353,353
El Palm-Mar,El Palm-Mar,False,352,352
Ingenio,Ingenio,False,351,351
Ayamonte,"Isla Cristina, Huelva",True,348,3286
Miyares (Piloña),Oviedo,True,346,4794
Blanes ,Tossa de Mar,True,345,2191
Santa Ursula,Santa Ursula,False,342,342
Arnedo,"Tudela, Navarra",True,340,2362
Bullas,MURCIA,True,340,4577
Llucmajor,Llucmajor,False,340,340
Mas de Barberans,Valderrobres,True,339,3742
"Costa Adeje, Tenerife","Costa Adeje, Tenerife",False,338,338
Arbúcies,Tossa de Mar,True,336,2191
URDA,URDA,False,334,334
Quintana de Soba,Castro-Urdiales,True,333,3920
Rubí,Barcelona,True,332,27987
Teverga,Oviedo,True,330,4794
"Moraira, Alicante",Calpe,True,330,2438
BAIONA,"Redondela, Pontevedra",True,330,3088
L'Escala,"L'Escala, Girona",True,329,3166
Ariany,Ariany,False,329,329
Ibi,Alicante,True,328,6701
Llaroles Nevada - Granada ,Llaroles Nevada - Granada ,False,328,328
La Frontera,La Frontera,False,326,326
Cazalla de la sierra,Cazalla de la sierra,False,326,326
BARCELONA,Barcelona,True,326,27987
Toledo Castilla-La Mancha España,Toledo Castilla-La Mancha España,False,325,325
Saldes,Saldes,False,324,324
"El Vilosell, Lleida",Cambrils,True,324,2341
Barreiros,Barreiros,False,323,323
Higuera de las Dueñas,Higuera de las Dueñas,False,322,322
Felanitx,Felanitx,False,322,322
"El Burgo de Osma, Soria","El Burgo de Osma, Soria",False,321,321
"Playa la Arena, Santa Cruz de Tenerife","Playa la Arena, Santa Cruz de Tenerife",False,320,320
"Adeje, Santa Cruz de Tenerife","Adeje, Santa Cruz de Tenerife",False,318,318
Torrellas,"Tudela, Navarra",True,315,2362
Ochagavia,"Zubiri, Navarra",True,313,2642
"Los Caños de Meca, Cádiz",Vejer de la frontera,True,312,3092
Zarratón,Santo Domingo de la Calzada,True,311,10773
"La Laguna, Santa Cruz de Tenerife","La Laguna, Santa Cruz de Tenerife",False,311,311
" Masopalmas, Las Palmas"," Masopalmas, Las Palmas",False,310,310
"Castroviejo, La Rioja",Nájera,True,307,3163
Valverde,Valverde,False,306,306
"Puente Nuevo, El Tiemblo","Puente Nuevo, El Tiemblo",False,305,305
"Castellanos de Villiquera, Salamanca",Salamanca,True,304,5616
Arguedas,"Tudela, Navarra",True,304,2362
"Darnius, Girona",Roses,True,303,3009
Iznatoraf,Iznatoraf,False,303,303
"Oiartzun, Gipuzkoa",San Sebastián-Donostia,True,302,3497
Puerto Santa Maria,Jerez de la Frontera,True,302,4517
"Cesantes, Pontevedra",Redondela ,True,299,5561
Cabanes,Cabanes,False,297,297
Chipiona,Jerez de la Frontera,True,296,4517
Muros ,Padrón,True,296,2783
A CORUÑA,A Coruña,True,296,6609
Sant Jaume de Llierca,Roses,True,294,3009
Roques Daurades,Cambrils,True,292,2341
El cotillo,El cotillo,False,292,292
Tudela,"Tudela, Navarra",True,291,2362
"A Granxa, Ourense","A Granxa, Ourense",False,290,290
Pollença,Pollença,False,290,290
"Balaguer, Lleida",Cervera,True,289,3682
Torroella de Montgrí,"L'Escala, Girona",True,288,3166
CALETA DE SEBO,CALETA DE SEBO,False,288,288
Chiclana de la Frontera,Cádiz,True,287,2756
Jorba,Cervera,True,287,3682
Palamós,"Vall-llobrega, Girona",True,287,2228
Vejer de la Frontera,Vejer de la frontera,True,283,3092
Arriondas (Parres),Arriondas (Parres),False,283,283
Chulilla,Manises,True,282,5501
L'Estartit,"L'Escala, Girona",True,281,3166
San Jorge de Heres,"Candás, Asturias",True,281,2209
Santa Pola,"Alacant, Alicante,",True,280,2824
Alicante ,Alicante,True,279,6701
"Ardales, Málaga",Setenil de las Bodegas,True,278,5204
"Libros, Teruel","Libros, Teruel",False,274,274
Lèrida,Lèrida,False,274,274
SANTILLANA DEL MAR,Santander,True,273,6325
Ribes de Freser,Ribes de Freser,False,272,272
Molló,Cervera,True,271,3682
La Isla,"Candás, Asturias",True,271,2209
Granada ,Granada,True,270,8287
Motril,MURCIA,True,269,4577
"Calp, Alicante",Calpe,True,266,2438
Cangas,"Redondela, Pontevedra",True,265,3088
Almuradiel,Almagro,True,265,2563
Los Cristianos,Los Cristianos,False,263,263
"Albuñol, Granada,","Albuñol, Granada,",False,262,262
POLOP DE LA MARINA,Calpe,True,262,2438
Liérganes,Santander,True,256,6325
Leganes,Madrid,True,256,61315
Mahon,"Maó, Illes Balears",True,254,3590
Casaio,"Pedrafita do Cebreiro, Lugo",True,252,3013
Elgoibar,Bergara,True,252,2465
San Vicente de la Sonsierra,Nájera,True,252,3163
Costa Teguise,Costa Teguise,False,251,251
"Puntallana, Santa Cruz de Tenerife","Puntallana, Santa Cruz de Tenerife",False,250,250
Cazalla de la Sierra,Cazalla de la Sierra,False,250,250
Cala Millor,Cala Millor,False,249,249
"Fermoselle, Zamora","Fermoselle, Zamora",False,248,248
Albacete,Albacete,False,247,247
Beuda,Roses,True,245,3009
Mijas pueblo,Alhaurín el Grande,True,244,2409
Felechosa,Oviedo,True,243,4794
"Medina-Sidonia, Cadiz",Vejer de la frontera,True,242,3092
"Las Palmas de Gran Canaria, Las Palmas,","Las Palmas de Gran Canaria, Las Palmas,",False,241,241
Puerto del Carmen,Puerto del Carmen,False,241,241
Jávea/Xàbia,Denia,True,241,2751
Villagonzalo Pedernales,Burgos,True,240,3283
Cantonigròs,Cantonigròs,False,238,238
San Cristóbal De La Laguna,San Cristóbal De La Laguna,False,236,236
La Pera,"L'Escala, Girona",True,236,3166
Aia,San Sebastián-Donostia,True,236,3497
"Donas, A Coruña",O Pino,True,231,4209
"Ruidera, Ciudad Real","Ruidera, Ciudad Real",False,230,230
Arafo,Arafo,False,227,227
 Santa Susanna,Tossa de Mar,True,226,2191
"Caldas de Reis, Pontevedra",Caldas de Reis,True,226,5231
La Riera de Covadonga,La Riera de Covadonga,False,224,224
LLÍVIA,LLÍVIA,False,224,224
Arnuero,Santander,True,221,6325
Lugo ,Portomarín,True,220,3691
"Corralejo, Las Palmas","Corralejo, Las Palmas",False,219,219
"Fernán Pérez, Almería",Las Negras,True,218,2194
Avila,Avila,False,216,216
Los Cristianos ,Los Cristianos ,False,215,215
La Sénia,Valderrobres,True,214,3742
SANTA EULALIA DE OSCOS,SANTA EULALIA DE OSCOS,False,213,213
San Agustín (Mas Palomas),San Agustín (Mas Palomas),False,213,213
Cuesta Eusebia,Segovia,True,212,7214
Morella,Valderrobres,True,212,3742
Helechosa de los Montes,Helechosa de los Montes,False,210,210
"Dehesa de Cuéllar, Segovia","Dehesa de Cuéllar, Segovia",False,210,210
"Cubla, Teruel","Cubla, Teruel",False,210,210
Coll de Nargó,Coll de Nargó,False,209,209
"Jédula, Cádiz","Jerez de la Frontera, Cádiz",True,208,2978
Caravaca de la Cruz,Caravaca de la Cruz,False,208,208
"Tavascan, Lleida","Tavascan, Lleida",False,208,208
El Ventorrillo,Granada,True,208,8287
Fuengirola ,Alhaurín el Grande,True,208,2409
Àger,Àger,False,207,207
Jaen,Jaen,False,206,206
VILLAVICIOSA,"Candás, Asturias",True,202,2209
JAÉN,JAÉN,False,202,202
Carbonero el Mayor,Segovia,True,202,7214
Cangas de Onis ,Cangas de Onis ,False,201,201
Marratxi,Marratxi,False,201,201
"El Paso, Santa Cruz de Tenerife","El Paso, Santa Cruz de Tenerife",False,199,199
Viveiro,Viveiro,False,193,193
Noguera de Albarracín,Noguera de Albarracín,False,192,192
Pollensa,Pollensa,False,191,191
ALDEA DEL CANO,ALDEA DEL CANO,False,191,191
Zuheros,Zuheros,False,191,191
"Carballo, A Coruña",A Coruña,True,190,6609
San Jose,La Savina,True,188,2758
Cardona,Cervera,True,187,3682
"Campo de Criptana, Ciudad Real","Campo de Criptana, Ciudad Real",False,187,187
Ansovell,Ansovell,False,186,186
Alpera,Yecla,True,185,3487
"El Rompido, Huelva,","Isla Cristina, Huelva",True,185,3286
"Caspueñas, Guadalajara",Guadalajara,True,185,3510
Villargordo del Cabriel,Villargordo del Cabriel,False,185,185
Guadalupe (Cáceres),Guadalupe (Cáceres),False,185,185
Constantina,Constantina,False,185,185
"Elche de la Sierra, Albacete","Elche de la Sierra, Albacete",False,185,185
San Juan de la Arena,"Candás, Asturias",True,184,2209
"Daimiel, Ciudad Real",Almagro,True,184,2563
"Tomeza, Pontevedra",Pontevedra,True,182,4895
Cabanelles,Roses,True,179,3009
"Santa Elena, Jaén","Santa Elena, Jaén",False,178,178
Cullar Vega,Granada,True,178,8287
Freila,Freila,False,177,177
Punta del Hidalgo,Punta del Hidalgo,False,176,176
"Gor, Granada","Gor, Granada",False,176,176
El Rasillo de Cameros,Nájera,True,175,3163
"Blanes, Girona",Tossa de Mar,True,172,2191
Very Cool Cool City,Very Cool Cool City,False,172,172
Callosa de Ensarria,Calpe,True,172,2438
BOT,Valderrobres,True,171,3742
Valle Guerra,Valle Guerra,False,171,171
San Vicente del Raspeig ,Alicante,True,171,6701
Llagostera,Tossa de Mar,True,171,2191
Alajeró,Alajeró,False,171,171
Ciudad Real,Madrid,True,169,61315
Ibiza,Ibiza,False,169,169
Peñíscola,Peñíscola,False,169,169
Melilla,Melilla,False,168,168
"Mijas Costa, (Málaga)",Alhaurín el Grande,True,164,2409
Olot,Olot,False,163,163
Cehegín,Cehegín,False,163,163
Piedrafita,"Pedrafita do Cebreiro, Lugo",True,163,3013
"La Esperanza,","La Esperanza,",False,162,162
Fregenal de la Sierra,ZAFRA,True,162,2390
Port de Pollença,Port de Pollença,False,161,161
Cahecho,Cahecho,False,161,161
Villaverde,Villaverde,False,160,160
Arucas,Arucas,False,160,160
"Roquetas de Mar, Almería,","Roquetas de Mar, Almería,",False,159,159
Pozuelo de Calatrava,Almagro,True,158,2563
"Lanjarón, Granada",Granada,True,158,8287
villanueva de la cañada,Madrid,True,155,61315
Cariño,Cariño,False,153,153
Gaucín,"Marbella, Málaga",True,153,6779
Corduente,Corduente,False,152,152
Vilagarcía de Arousa,Caldas de Reis,True,152,5231
San Roque - Alcaidesa,"Tarifa, Cádiz",True,152,3262
Mondariz,Redondela (Pontevedra),True,151,5171
Benamaurel,Benamaurel,False,151,151
"Tejeda de Tiétar, Cáceres","Tejeda de Tiétar, Cáceres",False,151,151
Torroja del Priorat,Cambrils,True,151,2341
Candás,"Candás, Asturias",True,150,2209
"Playa del Inglés, Las Palmas","Playa del Inglés, Las Palmas",False,150,150
Ojén,"Marbella, Málaga",True,149,6779
"La Guardia, Toledo",Toledo,True,149,19599
Sobremazas,Santander,True,148,6325
Valldevia,Valldevia,False,146,146
Castilleja de la Cuesta,Sevilla,True,146,26417
Berlanga de Duero,Berlanga de Duero,False,146,146
Madrid ,Madrid,True,145,61315
"Cortelazor, HUELVA","Cortelazor, HUELVA",False,145,145
"Albaicín, Granada, ",Granada,True,144,8287
"Olot, Girona","Olot, Girona",False,144,144
sevilla,Sevilla,True,144,26417
FALSET,Cambrils,True,144,2341
Gipuzkoa,San Sebastián-Donostia,True,143,3497
"El Barraco, Ávila","El Barraco, Ávila",False,143,143
"Estepar, Burgos",Burgos,True,143,3283
Benidorm ,Calpe,True,142,2438
"El Roque, Las Palmas","El Roque, Las Palmas",False,142,142
Begur,"L'Escala, Girona",True,142,3166
Sant Jordi,Cervera,True,141,3682
ADEJE,ADEJE,False,141,141
"San Miguel de Castro, Pontevedra",O Pino,True,141,4209
Isla del Hierro,Isla del Hierro,False,141,141
iznatoraf,iznatoraf,False,141,141
Yeste,Yeste,False,141,141
Mieres,Roses,True,139,3009
"Candelario, Salamanca","Candelario, Salamanca",False,139,139
"Sant Joan de les Abadesses, Girona,","Sant Joan de les Abadesses, Girona,",False,138,138
"Cañamero, Cáceres,","Cañamero, Cáceres,",False,138,138
"Arona, Santa Cruz de Tenerife","Arona, Santa Cruz de Tenerife",False,138,138
Portilla de la Reina,Portilla de la Reina,False,136,136
Rosas,Roses,True,136,3009
Socuéllamos,Socuéllamos,False,134,134
"Benalmádena, Málaga,",Málaga,True,133,17675
Benalmadena Costa,Málaga,True,132,17675
O Barqueiro,O Barqueiro,False,131,131
Arguis,Arguis,False,131,131
Argelaguer,Roses,True,131,3009
Chiclana De La Frontera,Cádiz,True,129,2756
"Pontedeume, A Coruña,",Miño,True,129,4974
Sarroqueta (El Pont de Suert),Sarroqueta (El Pont de Suert),False,128,128
TORRELLES DEFOIX,Sitges,True,128,4574
"Torremolinos, Málaga",Málaga,True,128,17675
Santa Coloma de Farners,Tossa de Mar,True,127,2191
Aldeadavila De La Ribera,Aldeadavila De La Ribera,False,126,126
Gata,Gata,False,125,125
Montgat,Barcelona,True,125,27987
Fuengirola,Alhaurín el Grande,True,124,2409
Castril,Castril,False,123,123
"Fuentes de Oñoro, Salamanca","Fuentes de Oñoro, Salamanca",False,123,123
Arcos de la frontera,"Las Cabezas de San Juan, Sevilla",True,122,2600
"Les Mines d'Osor, Girona",Tossa de Mar,True,121,2191
Villena ,Yecla,True,121,3487
"Regencós, Girona","Vall-llobrega, Girona",True,121,2228
Castrillón,"Candás, Asturias",True,121,2209
Ciutadella de Menorca ,Fornells,True,121,2574
Asturias,Oviedo,True,120,4794
Puerto de Mazarrón,MURCIA,True,120,4577
Claverol,Claverol,False,119,119
BENIDORM,Calpe,True,119,2438
Ourense,Ourense,False,118,118
Alcover,Tarragona,True,117,3075
El Rourell,Tarragona,True,117,3075
Alcaucin ,"Nerja, Málaga",True,117,3965
Frigiliana,Nerja,True,116,4525
LUARCA,LUARCA,False,115,115
Siejo,Siejo,False,115,115
VALDERROBRES,Valderrobres,True,114,3742
 La Laguna- Guamasa-Tenerife, La Laguna- Guamasa-Tenerife,False,114,114
Llavorsí,Llavorsí,False,114,114
La Cala de Mijas,Alhaurín el Grande,True,113,2409
Monells,"Vall-llobrega, Girona",True,113,2228
"O Courel ,  Quiroga ,  Lugo",Sarria,True,111,2085
Pontedeume,Miño,True,111,4974
Gargantilla del Lozoya,Segovia,True,111,7214
Adra,Adra,False,111,111
RUIDERA,RUIDERA,False,109,109
Lekeitio (Bizkaia),Bergara,True,109,2465
Montehermoso,Montehermoso,False,109,109
San Martín de Teverga,Oviedo,True,109,4794
Vallgorguina,Tossa de Mar,True,108,2191
Guaso,Guaso,False,108,108
"Pantón, Lugo",Portomarín,True,108,3691
Cee,Muxia,True,107,2371
"La Plana de Mont-Ros, Lleida, ","La Plana de Mont-Ros, Lleida, ",False,106,106
Cóbreces,Santander,True,106,6325
 Durón,Guadalajara,True,105,3510
San Justo de la Vega,León,True,105,5305
Vilagarcia de Arousa,Caldas de Reis,True,105,5231
Vinyols i Els Arcs,Cambrils,True,104,2341
San Cristóbal de Segovia,Segovia,True,103,7214
"Vielha, Lleida,","Vielha, Lleida,",False,103,103
Prioro,Prioro,False,103,103
Panticosa,Panticosa,False,103,103
Ruente,Santander,True,102,6325
Tagamanent,Barcelona,True,102,27987
la fresneda siero,Oviedo,True,102,4794
"La Pobla de Cérvoles, Lleida",Cambrils,True,102,2341
"Colònia de Sant Jordi, Illes Balears","Colònia de Sant Jordi, Illes Balears",False,102,102
"Alhaurin El Grande, Málaga",Alhaurín el Grande,True,102,2409
Las Rozas de Madrid,Madrid,True,102,61315
Campdevànol,Campdevànol,False,101,101
O Grove,Pontevedra,True,101,4895
SANT JULIA DE RAMIS,"Vall-llobrega, Girona",True,99,2228
Cordoba ,Córdoba,True,99,5489
Les Pereres,Les Pereres,False,98,98
Vielha,Vielha,False,98,98
Gombrèn,Gombrèn,False,98,98
Munebrega,Munebrega,False,98,98
Jérica,Manises,True,97,5501
Playa de las Americas,Playa de las Americas,False,97,97
Quesa,L'Alcúdia,True,97,2158
Arlanza,"Pedrafita do Cebreiro, Lugo",True,97,3013
Benia de Onis,Benia de Onis,False,97,97
Las Palmas de Gran Canaria ,Las Palmas de Gran Canaria,True,97,3255
Jerez de la Frontera ,Jerez de la Frontera,True,96,4517
"Aldeaquemada, Jaén","Aldeaquemada, Jaén",False,96,96
GIRONA,"Vall-llobrega, Girona",True,96,2228
Patro,Denia,True,96,2751
Coín,Alhaurín el Grande,True,95,2409
Villarejo,Santo Domingo de la Calzada,True,95,10773
SEVILLA,Sevilla,True,95,26417
"Bustares, Guadalajara","Bustares, Guadalajara",False,95,95
Burjassot,Valencia,True,95,10751
El Pueyo de Jaca,El Pueyo de Jaca,False,94,94
Herrán,Santo Domingo de la Calzada,True,94,10773
"Celrà, Girona","Vall-llobrega, Girona",True,94,2228
Pals,"L'Escala, Girona",True,93,3166
La Puerta de Segura Jaén ,La Puerta de Segura Jaén ,False,92,92
Playa De L'Ingles - Maspalomas,Playa De L'Ingles - Maspalomas,False,92,92
Navaluenga,Navaluenga,False,92,92
"El Morche, Malága","Nerja, Málaga",True,92,3965
"Playa Blanca, Las Palmas","Playa Blanca, Las Palmas",False,92,92
Puerto del Carmen (Tias) ,Puerto del Carmen (Tias) ,False,91,91
Guitiriz,Guitiriz,False,91,91
L'Hospitalet de Llobregat,Barcelona,True,91,27987
"Motril, Granada",Nerja,True,91,4525
Laspaúles,Laspaúles,False,91,91
"Vilassar de Dalt, Barcelona,",Barcelona,True,90,27987
Caleta de Fuste,Caleta de Fuste,False,90,90
Aldeanueva de la Serrezuela,Aldeanueva de la Serrezuela,False,89,89
Sant Celoni,Tossa de Mar,True,89,2191
Ardales,Alhaurín el Grande,True,89,2409
Viveiro (Lugo),Viveiro (Lugo),False,89,89
"Calzada de Calatrava, Ciudad Real",Almagro,True,88,2563
Montejaque,Setenil de las Bodegas,True,88,5204
Ciutadella de Menorca,Fornells,True,87,2574
"Fondón, Almería",Las Negras,True,87,2194
Bellver de Cerdanya,Bellver de Cerdanya,False,87,87
"Arbancón, Guadalajara",Guadalajara,True,87,3510
El Hierro,El Hierro,False,87,87
Besalú,Roses,True,86,3009
"Olveira, A Coruña",Miño,True,86,4974
"Espot, Lleida,","Espot, Lleida,",False,86,86
Huerta de Vero,Huerta de Vero,False,86,86
Matadepera,Barcelona,True,84,27987
"Guadalupe, Cáceres,","Guadalupe, Cáceres,",False,84,84
Almarza,Almarza,False,83,83
"Montseny, Barcelona",Tossa de Mar,True,83,2191
Benilloba,Alicante,True,83,6701
Villaviciosa,"Candás, Asturias",True,82,2209
Montanchez,Montanchez,False,81,81
Valdelaguna,Madrid,True,81,61315
Prades,Cervera,True,81,3682
Valdoviño,Miño,True,80,4974
Naron,Miño,True,80,4974
cadiz,Cádiz,True,79,2756
"Suárbol, Léon","Pedrafita do Cebreiro, Lugo",True,78,3013
"La Donzell, Lleida",Cervera,True,78,3682
"Tarifa, Cádiz (El Bujeo)","Tarifa, Cádiz",True,77,3262
"Garray, Soria","Garray, Soria",False,77,77
Pozo Alcón,Pozo Alcón,False,77,77
Arsèguel,Arsèguel,False,77,77
"Susqueda, Girona",Tossa de Mar,True,76,2191
"La Xara, Alicante",Denia,True,76,2751
"Arguedas, Navarra","Tudela, Navarra",True,75,2362
"Altès, Lleida",Cervera,True,75,3682
Medina de Pomar,Medina de Pomar,False,75,75
"Taull, Lleida","Taull, Lleida",False,75,75
Pozán de Vero,Pozán de Vero,False,74,74
"Argamasilla de Alba, Ciudad Real,","Argamasilla de Alba, Ciudad Real,",False,73,73
BALDELLOU,BALDELLOU,False,73,73
"Arenales Del Sol, Elche","Alacant, Alicante,",True,73,2824
La Orotava- Tenerife / España,La Orotava- Tenerife / España,False,73,73
El Pont de Suert,El Pont de Suert,False,72,72
Teguise,Teguise,False,72,72
Villajoyosa,Alicante,True,72,6701
"San Bartolomé, Las Palmas,","San Bartolomé, Las Palmas,",False,71,71
Oropesa,Oropesa,False,71,71
Estación de Cortes de la Frontera,Estación de Cortes de la Frontera,False,71,71
"Monachil, Granada",Granada,True,71,8287
"Jimena de la Frontera, Cádiz","Tarifa, Cádiz",True,71,3262
Villarrobledo,Villarrobledo,False,70,70
Corullón,"Pedrafita do Cebreiro, Lugo",True,70,3013
Llabiá,"L'Escala, Girona",True,70,3166
El Torno,El Torno,False,70,70
Amieva,Amieva,False,70,70
Izal,"Zubiri, Navarra",True,70,2642
Los Llanos de Aridane,Los Llanos de Aridane,False,70,70
Hostafrancs,Cervera,True,70,3682
"Icod de los Vinos, Santa Cruz de Tenerife","Icod de los Vinos, Santa Cruz de Tenerife",False,69,69
La Santa,La Santa,False,69,69
"Moral de Calatrava, Ciudad Real",Almagro,True,69,2563
Fuente de Piedra,Setenil de las Bodegas,True,68,5204
Sant Climenç,Sitges,True,68,4574
Llivia,Llivia,False,68,68
Sant Marti de Centelles,Barcelona,True,68,27987
GARRUCHA,Mojácar,True,68,3106
"El Papiol, Barcelona",Barcelona,True,68,27987
Las Palmas,Las Palmas,False,67,67
"Torreguadiaro, Cádiz","Marbella, Málaga",True,67,6779
Alcaidesa,"Tarifa, Cádiz",True,67,3262
"Puerto del Carmen, Tías ","Puerto del Carmen, Tías ",False,67,67
Grau de Gandia,Cullera,True,66,3452
Corbera d'Ebre,Valderrobres,True,66,3742
"Gandia, 46730, Valencia",Cullera,True,66,3452
"Grañas do Sor, Mañón",Miño,True,66,4974
ALEDO,MURCIA,True,65,4577
Los Alcázares,Torrevieja,True,65,5325
El Poble Nou de Benitatxell,Calpe,True,65,2438
Secadura,Santander,True,65,6325
Valldoreix,Barcelona,True,65,27987
ecija,Córdoba,True,65,5489
Navia,Navia,False,65,65
Roni,Roni,False,64,64
Aldeadávila de la Ribera,Aldeadávila de la Ribera,False,64,64
Guadalupe,Guadalupe,False,64,64
Baralla,Sarria,True,64,2085
Casas del Castañar,Casas del Castañar,False,64,64
Cáceres,Cáceres,False,64,64
"Burgohondo, Ávila","Burgohondo, Ávila",False,64,64
Aldea,Valderrobres,True,64,3742
Cataluña,Tarragona,True,64,3075
"Vigo, Zamora","Vigo, Zamora",False,63,63
Borriana,Borriana,False,63,63
La Torre de Claramunt,Sitges,True,63,4574
Nomad Malaga,Málaga,True,63,17675
"San Juan de Plan, Huesca","San Juan de Plan, Huesca",False,63,63
"Lodares de Osma, Soria,","Lodares de Osma, Soria,",False,63,63
Alcalá del Júcar,Alcalá del Júcar,False,62,62
San Cristóbal de la Laguna,San Cristóbal de la Laguna,False,62,62
"Villanueva del Trabuco, Málaga",Málaga,True,61,17675
Ribadesella,Ribadesella,False,61,61
Santa Linya,Cervera,True,61,3682
Ullastrell,Barcelona,True,61,27987
"San Martín de Castañeda, Zamora","San Martín de Castañeda, Zamora",False,61,61
"Casarabonela, Málaga",Alhaurín el Grande,True,61,2409
La Salzadella,La Salzadella,False,60,60
"Montecorto, Málaga",Setenil de las Bodegas,True,60,5204
Caravaca de la Cruz ,Caravaca de la Cruz ,False,60,60
Orellana la Vieja ,Orellana la Vieja ,False,59,59
"Biescas, Valdes, Asturias",Oviedo,True,59,4794
Murcia ,MURCIA,True,58,4577
"Talarn, Lérida","Talarn, Lérida",False,58,58
Los Delfines,Fornells,True,58,2574
"Vilaronte, Lugo","Vilaronte, Lugo",False,58,58
Alcúdia,Alcúdia,False,58,58
Corral de Ayllón,Corral de Ayllón,False,57,57
L´'Aldea,Valderrobres,True,57,3742
Cala d'0r,Cala d'0r,False,57,57
"Higueruelas, Valencia",Manises,True,57,5501
Tornavacas,Tornavacas,False,57,57
Rellinars,Barcelona,True,57,27987
"Celanova, Ourense","Celanova, Ourense",False,57,57
salamanca ,Salamanca,True,57,5616
Villahermosa del rio,Villahermosa del rio,False,56,56
Borau,Borau,False,56,56
Hospitalet de Llobregat ,Barcelona,True,56,27987
vada,vada,False,56,56
EL CARMOLI,Torrevieja,True,55,5325
"Adamuz, Córdoba",Córdoba,True,55,5489
Villanueva de Colombres,Villanueva de Colombres,False,55,55
Ituren,"Zubiri, Navarra",True,55,2642
"Abarca de Campos, Palencia",Valladolid,True,55,5769
Ezcaray,Santo Domingo de la Calzada,True,55,10773
Taüll,Taüll,False,54,54
Cala d'Or,Cala d'Or,False,54,54
"Dos Hermanas, Sevilla",Sevilla,True,54,26417
Penaguila,Calpe,True,54,2438
"El Palo, Málaga",Málaga,True,53,17675
Puerto Pollensa,Puerto Pollensa,False,53,53
La Fatarella,Valderrobres,True,53,3742
Mancor de la Vall,Mancor de la Vall,False,53,53
"Fene, A Coruña",Miño,True,52,4974
"Ramirás, Ourense",Redondela (Pontevedra),True,52,5171
"Hervás, Cáceres","Hervás, Cáceres",False,52,52
Mallorca,Mallorca,False,52,52
Níjar ,Las Negras,True,51,2194
"Porto Cristo, Manacor","Porto Cristo, Manacor",False,51,51
Santa Cruz de Pinares (Ávila),Santa Cruz de Pinares (Ávila),False,51,51
Maçanet de Cabrenys,Roses,True,51,3009
Rades de Abajo,Segovia,True,51,7214
san juan playa,Alicante,True,50,6701
"Higuera De La Sierra, Huelva","Higuera De La Sierra, Huelva",False,50,50
"Abárzuza, Navarra,",Pamplona,True,50,2752
Villanueva de Tapia,Villanueva de Tapia,False,50,50
Figueres,Roses,True,49,3009
Carmona,Sevilla,True,49,26417
LA PENILLA,Santander,True,49,6325
ValDespino de Sanabria ,ValDespino de Sanabria ,False,49,49
Fernán Perez,Las Negras,True,49,2194
Tenerife ,Tenerife ,False,48,48
Valencina de la Concepcion,Sevilla,True,48,26417
Bolulla,Calpe,True,47,2438
"Teo, Santiago de Compostela",Santiago de Compostela,True,47,9533
SANTA MARIA DE PALAUTORDERA,Barcelona,True,47,27987
Betren,Betren,False,47,47
Fisterra,Santiago de Compostela,True,46,9533
El Paso,El Paso,False,46,46
Santa Cruz de Tenerife ,Santa cruz de Tenerife,True,46,2045
Paderne,Miño,True,46,4974
Collbató,Barcelona,True,46,27987
Málaga ( Campanillas),Málaga,True,46,17675
Islas Canarias,Islas Canarias,False,46,46
Malón,"Tudela, Navarra",True,46,2362
Legutio,Bergara,True,45,2465
Playa Blanca,Playa Blanca,False,45,45
Calella de Palafrugell,"Vall-llobrega, Girona",True,45,2228
San Sebastián,San Sebastián-Donostia,True,45,3497
"Lloret de Mar, Girona",Tossa de Mar,True,44,2191
Cabrales,Cabrales,False,44,44
"San Luis de Sabinillas, Manilva","Marbella, Málaga",True,44,6779
Sant Fost de Campsentelles,Barcelona,True,44,27987
Maià de Montcal,Roses,True,44,3009
Vera,Mojácar,True,44,3106
Cambados,Pontevedra,True,44,4895
"Camuñas, Toledo","Camuñas, Toledo",False,43,43
Vecindario,Vecindario,False,43,43
COSTA TEGUISE,COSTA TEGUISE,False,43,43
 Alicante,Alicante,True,43,6701
 El Médano,El Médano,True,42,3281
Binibona,Binibona,False,42,42
Bielsa,Bielsa,False,42,42
"Les Masies de Voltregà, Barcelona","Les Masies de Voltregà, Barcelona",False,42,42
Gandía,Cullera,True,42,3452
Mal Partida de Plasencia,Mal Partida de Plasencia,False,42,42
Isla Canela,"Isla Cristina, Huelva",True,42,3286
La Estrella (Toledo),La Estrella (Toledo),False,41,41
"Saldes, Catalunya","Saldes, Catalunya",False,41,41
Casas del Rey,Casas del Rey,False,41,41
Pinilla Del Valle,Segovia,True,41,7214
Rabós,Roses,True,41,3009
Arroyo Frío,Arroyo Frío,False,41,41
Torremolinos ,Málaga,True,41,17675
Calp,Calpe,True,40,2438
Molina de Aragón,Molina de Aragón,False,40,40
El Altet,"Alacant, Alicante,",True,39,2824
Guardiola de Fontrubí,Sitges,True,39,4574
Puigcerda,Puigcerda,False,39,39
Tezanos,Santander,True,39,6325
Ortiguero de cabrales,Ortiguero de cabrales,False,39,39
"Pantano de Cijara, Cáceres","Pantano de Cijara, Cáceres",False,39,39
"Vilabella, Tarragona",Tarragona,True,38,3075
"Sahagún, León","Sahagún, León",False,38,38
Elviria,"Marbella, Málaga",True,37,6779
Almonaster La Real,Almonaster La Real,False,36,36
Suances,Santander,True,36,6325
"Rubió, Barcelona ",Barcelona,True,36,27987
Benimantell,Calpe,True,36,2438
Busturi-Axpe,Bergara,True,36,2465
TORRES,TORRES,False,36,36
Moriles,Moriles,False,35,35
TAZACORTE,TAZACORTE,False,35,35
Peñiscola,Peñiscola,False,35,35
Son Carrió i Cala Millor,Son Carrió i Cala Millor,False,34,34
"Carrizo de la Ribera, León,",León,True,34,5305
Radazul,Radazul,False,34,34
Cistella,"Vall-llobrega, Girona",True,34,2228
"Paulenca, Granada",Granada,True,34,8287
Águilas,Mojácar,True,34,3106
Torres del Río,Nájera,True,34,3163
Olerdola,Sitges,True,34,4574
Azuelo,Nájera,True,34,3163
YESTE,YESTE,False,33,33
Lucena,Lucena,False,33,33
Lajares - La Oliva Fuerteventura,Lajares - La Oliva Fuerteventura,False,33,33
Lerín,Pamplona,True,33,2752
Sanchidrian,Segovia,True,33,7214
la Marina,Torrevieja,True,33,5325
Horche,Guadalajara,True,33,3510
Sepúlveda,Segovia,True,32,7214
Moià,Barcelona,True,32,27987
"Ferrol, A Coruña, ",Miño,True,32,4974
Xavestre,Pedrouzo,True,32,6098
Fanzara,Fanzara,False,32,32
"Hostafrancs, Els plans de sió, LLEIDA",Cervera,True,31,3682
Foz,Foz,False,31,31
Finestrat,Manises,True,31,5501
Vélez Blanco,Vélez Blanco,False,31,31
"Padul, Granada",Granada,True,31,8287
"Polop, Alicante",Calpe,True,30,2438
Maçanet de la selva ,Tossa de Mar,True,30,2191
"Ribera de Cardós, Lleida","Ribera de Cardós, Lleida",False,30,30
"Serdio, Cantabria","Candás, Asturias",True,30,2209
"Benaojan, Malaga",Setenil de las Bodegas,True,30,5204
"San Sebastián de La Gomera, Santa Cruz de Tenerife","San Sebastián de La Gomera, Santa Cruz de Tenerife",False,30,30
"Lubrín, Almería",Mojácar,True,29,3106
Los Palacios y Villafranca,"Las Cabezas de San Juan, Sevilla",True,29,2600
Telde,Telde,False,29,29
Garachico,Garachico,False,28,28
Iznájar,Iznájar,False,28,28
"San Carlos del Valle, Ciudad Real",Almagro,True,27,2563
El Real de San Vicente,El Real de San Vicente,False,27,27
"GUIXERS, Lleida","GUIXERS, Lleida",False,27,27
Málaga ,Málaga,True,27,17675
Olmedo,Valladolid,True,27,5769
El Torno Caceres,El Torno Caceres,False,27,27
Cómpeta,"Nerja, Málaga",True,27,3965
Alboraya,Valencia,True,27,10751
"Maspalomas, Las Palmas","Maspalomas, Las Palmas",False,27,27
fuengirola,Alhaurín el Grande,True,27,2409
Villalcázar de Sirga,Villalcázar de Sirga,False,26,26
Belmonte,Belmonte,False,26,26
Costa Calma (Fuerteventura),Costa Calma (Fuerteventura),False,26,26
Mogón (Villacarrillo),Mogón (Villacarrillo),False,26,26
Dobro (Burgos),Dobro (Burgos),False,26,26
Colmenar de Oreja,Madrid,True,26,61315
"Hinojales, Huelva",ZAFRA,True,25,2390
Vilademuls,"L'Escala, Girona",True,25,3166
Sueca,Cullera,True,25,3452
"Fuentespina, Burgos","Fuentespina, Burgos",False,25,25
Sanxenxo,Pontevedra,True,25,4895
"Valentín, Murcia,","Valentín, Murcia,",False,24,24
Vic,Vic,False,24,24
Carnota,Muxia,True,24,2371
"RENAU, Tarragona",Tarragona,True,24,3075
Lloseta,Lloseta,False,24,24
SA RAPITA,SA RAPITA,False,24,24
Son Ferrer,Son Ferrer,False,24,24
CALPE,Calpe,True,23,2438
Ribeira,Caldas de Reis,True,23,5231
Biescas,Biescas,False,23,23
Mazcuerras,Santander,True,23,6325
Lladurs,Cervera,True,23,3682
Bagà,Bagà,False,23,23
Huesca,Huesca,False,22,22
"San Juan del Molinillo, Ávila","San Juan del Molinillo, Ávila",False,22,22
Linares de Mora,Linares de Mora,False,22,22
Sierra de Fuentes,Sierra de Fuentes,False,22,22
 Cadalso de los Vidrios, Cadalso de los Vidrios,False,22,22
"Alhaurin el Grande,",Alhaurín el Grande,True,22,2409
Carcabuey,Carcabuey,False,22,22
"Baralla, Lugo",Sarria,True,22,2085
Sabero,León,True,22,5305
Cadiz ,Cádiz,True,21,2756
Barcience,Toledo,True,21,19599
Valdepeñas,Almagro,True,21,2563
La Lastrilla,Segovia,True,21,7214
Peníscola,Peníscola,False,21,21
"Teia, BARCELONA",Barcelona,True,21,27987
"San Pere de Ribes, Barcelona",Barcelona,True,21,27987
Camprodon ,Camprodon ,False,20,20
Vera de Moncayo,"Tudela, Navarra",True,20,2362
Osma,Bergara,True,20,2465
Rozalen del Monte,Rozalen del Monte,False,20,20
Chiclana,Cádiz,True,20,2756
Haro,Santo Domingo de la Calzada,True,19,10773
ALICANTEALACANT,"Alacant, Alicante,",True,19,2824
"Tacoronte, Santa Cruz de Tenerife ","Tacoronte, Santa Cruz de Tenerife ",False,19,19
Sant Josep de sa Talaia,La Savina,True,19,2758
Caleta De fuste,Caleta De fuste,False,19,19
Mogan,Mogan,False,19,19
BENICARLO,BENICARLO,False,19,19
"San Martín de la Vega del Alberche, Ávila","San Martín de la Vega del Alberche, Ávila",False,19,19
Cobisa (Toledo),Toledo,True,19,19599
Massalfassar,Valencia,True,19,10751
Maia de Moncal,Roses,True,19,3009
"Carpio de Azaba, Salamanca","Carpio de Azaba, Salamanca",False,19,19
Bollullos de la Mitación,Sevilla,True,18,26417
Alcúdia ,Alcúdia ,False,18,18
Malgrat de Mar,Tossa de Mar,True,18,2191
Calaceite,Valderrobres,True,18,3742
Benissa ,Calpe,True,18,2438
ATAPUERCA,Burgos,True,18,3283
Petra,Petra,False,18,18
Argentona,Barcelona,True,18,27987
 Pulgar,Toledo,True,18,19599
Campillo de Dueñas,Campillo de Dueñas,False,18,18
Trevélez,Granada,True,18,8287
Unquera,Unquera,False,18,18
Benasque ,Benasque ,False,17,17
Puebla de Don Fadrique,Puebla de Don Fadrique,False,17,17
Javea,Denia,True,17,2751
Meaño,Pontevedra,True,17,4895
Villanueva de la Serena,Villanueva de la Serena,False,17,17
"Los Molinos, Madrid",Segovia,True,17,7214
L'Hospitalet de Llobregat ,Barcelona,True,17,27987
Almogía (Málaga),Málaga,True,17,17675
Benajarafe,Málaga,True,16,17675
Baraibar,Pamplona,True,16,2752
Santa Cruz de las Serós,Sos del Rey Católico,True,16,2077
GÜÍMAR,GÜÍMAR,False,16,16
Gerindote,Toledo,True,16,19599
Albarracin,Albarracin,False,16,16
Cubelles,Sitges,True,16,4574
Mijas Costa  (Málaga),Alhaurín el Grande,True,16,2409
Soto en cameros,Nájera,True,16,3163
Zarautz y Fuerteventura,San Sebastián-Donostia,True,16,3497
Aler,Aler,False,16,16
Atxondo,Bergara,True,15,2465
Delt Ebre,"Tudela, Navarra",True,15,2362
Bor,Bor,False,15,15
 MARBELLA ,"Marbella, Málaga",True,15,6779
Sant Llorenç des Cardassar,Sant Llorenç des Cardassar,False,15,15
"Pechina, ALMERIA",Las Negras,True,15,2194
Moraira,Calpe,True,15,2438
Arure,Arure,False,15,15
Puebla de Almenara,Puebla de Almenara,False,14,14
Agaete,Agaete,False,14,14
GAUTEGIZ-ARTEAGA   VIZCAYA,Bergara,True,14,2465
Almeria,Almeria,False,14,14
Playa honda San Bartolome Lanzarote,Playa honda San Bartolome Lanzarote,False,14,14
Pobladura de las Regueras,Pobladura de las Regueras,False,14,14
Villabrágima,Valladolid,True,14,5769
" Altura, Castellón",Manises,True,14,5501
Castillo Pedroso,Santander,True,14,6325
Los Alcázares - Región de Murcia,Torrevieja,True,14,5325
Los Realejos,Los Realejos,False,14,14
Morón de la Frontera,Setenil de las Bodegas,True,13,5204
Gratallops,Cambrils,True,13,2341
Álguilas,MURCIA,True,13,4577
San Miguel,La Savina,True,13,2758
"Trefacio, Zamora, Spain","Trefacio, Zamora, Spain",False,13,13
Costa Adeje ,Costa Adeje ,False,13,13
Porrera,Cambrils,True,13,2341
Mercadal,Fornells,True,13,2574
Bargas,Toledo,True,13,19599
Subirats,Sitges,True,13,4574
TALAVERUELA DE LA VERA,TALAVERUELA DE LA VERA,False,12,12
Grazalema,Setenil de las Bodegas,True,12,5204
"Olivenza, Badajoz","Olivenza, Badajoz",False,12,12
Playa Paraiso,Playa Paraiso,False,12,12
Campello,Alicante,True,12,6701
Costa Adeje,Costa Adeje,False,12,12
Valencia ,Valencia,True,12,10751
barcelona,Barcelona,True,12,27987
Labuerda,Labuerda,False,12,12
Benahavís,"Marbella, Málaga",True,12,6779
CALANA,Valderrobres,True,11,3742
"Son Parc, Es Mercadal",Fornells,True,11,2574
Perafita,Perafita,False,11,11
NAVARREDONDA DE GREDOS,NAVARREDONDA DE GREDOS,False,11,11
Páramo del Sil,"Pedrafita do Cebreiro, Lugo",True,11,3013
La Bisbal,"Vall-llobrega, Girona",True,11,2228
"Vilanova De Arousa, Pontevedra",Caldas de Reis,True,11,5231
Salou ,Salou,True,11,2824
"El Casar de Talavera, Toledo","El Casar de Talavera, Toledo",False,11,11
Astorga,León,True,11,5305
Camprodón,Camprodón,False,11,11
Alojera - la Gomera ,Alojera - la Gomera ,False,10,10
Hoyos del Espino,Hoyos del Espino,False,10,10
Lloret de Mar ,Tossa de Mar,True,10,2191
Cangas de Onís,Cangas de Onís,False,10,10
chiclana de la frontera ,Cádiz,True,10,2756
Matute de la Sierra,Matute de la Sierra,False,10,10
"San Miguel de Abona, Santa Cruz de Tenerife","San Miguel de Abona, Santa Cruz de Tenerife",False,10,10
Santillana del Mar,Santander,True,10,6325
Caimari,Caimari,False,10,10
Valdealgorfa,Valderrobres,True,10,3742
Barbadillo del Pez,Santo Domingo de la Calzada,True,9,10773
"La Parrilla, Valladolid",Valladolid,True,9,5769
La Pobla de Segur,La Pobla de Segur,False,9,9
Gijón,"Candás, Asturias",True,9,2209
HOSPITALET DE LLOBREGAT ,Barcelona,True,9,27987
Binisalem,Binisalem,False,9,9
"Oreña, Alfoz de Lloredo",Santander,True,9,6325
El Albir,Calpe,True,9,2438
Sant Pere de Vilamajor,Barcelona,True,9,27987
Gudar,Gudar,False,9,9
Cuntis,Caldas de Reis,True,9,5231
Bot,Valderrobres,True,9,3742
Castejón de Sos,Castejón de Sos,False,8,8
Sanlúcar de Barrameda,"Jerez de la Frontera, Cádiz",True,8,2978
San Martín de Valdeiglesias,San Martín de Valdeiglesias,False,8,8
Ávila,Ávila,False,8,8
Gargüera de la Vera - Cáceres ,Gargüera de la Vera - Cáceres ,False,8,8
Mora De Luna,León,True,8,5305
Colonia de Sant Jordi,Colonia de Sant Jordi,False,8,8
Hoyo de Manzanares,Madrid,True,8,61315
Cervera del Rio Alhama,"Tudela, Navarra",True,8,2362
Montellano,"Las Cabezas de San Juan, Sevilla",True,8,2600
Cornellà de Terri ,"L'Escala, Girona",True,8,3166
"Abades, Segovia",Segovia,True,8,7214
Mijas Costa,Alhaurín el Grande,True,8,2409
Camós,"L'Escala, Girona",True,8,3166
Ubrique,Setenil de las Bodegas,True,8,5204
Campanillas,Málaga,True,8,17675
Porreres,Porreres,False,8,8
"Los Llanos de Aridane, La Palma","Los Llanos de Aridane, La Palma",False,7,7
El Tarrós,Cervera,True,7,3682
Vilafranca de Bonany,Vilafranca de Bonany,False,7,7
Ponteveda,Pontevedra,True,7,4895
Nava,Oviedo,True,7,4794
Becerril de Guía,Becerril de Guía,False,7,7
Gautegiz Arteaga,Bergara,True,7,2465
Cangas De Onís,Cangas De Onís,False,7,7
Icod de los Vinos,Icod de los Vinos,False,7,7
Os De Civís,Os De Civís,False,7,7
La Coruña,A Coruña,True,7,6609
Altafulla,Tarragona,True,7,3075
Roquetas de Mar Almeria,Roquetas de Mar Almeria,False,7,7
"Urbanización La Alcaidesa,La Linea de la Concepción","Tarifa, Cádiz",True,7,3262
"Castellar de la Muntanya, Girona","Castellar de la Muntanya, Girona",False,7,7
Canet de Berenguer,Valencia,True,7,10751
Benalmadena,Málaga,True,6,17675
Campos,Campos,False,6,6
Chiclana de la frontera,Cádiz,True,6,2756
Ortigueira,Miño,True,6,4974
Sotoserrano,Sotoserrano,False,6,6
Priorat de Banyeres,Sitges,True,6,4574
Trevejo,Trevejo,False,6,6
Juncosa de Les Garrigues,Cambrils,True,6,2341
Albanchez de Magina,Albanchez de Magina,False,6,6
"Argés, TOLEDO",Toledo,True,5,19599
Escarrilla,Escarrilla,False,5,5
Rojals,Tarragona,True,5,3075
banyoles,"L'Escala, Girona",True,5,3166
pitillas,Sos del Rey Católico,True,5,2077
Carrión de los Condes,Carrión de los Condes,False,5,5
L'Esquirol,L'Esquirol,False,5,5
Vielha ,Vielha ,False,5,5
Capmany,Roses,True,5,3009
Riofrío - Escalonilla (Ávila),Riofrío - Escalonilla (Ávila),False,5,5
Cangas de Onis,Cangas de Onis,False,5,5
Oropesa del Mar,Oropesa del Mar,False,5,5
Ponteareas - Pontevedra,"Redondela, Pontevedra",True,5,3088
Arriate,Setenil de las Bodegas,True,4,5204
Riaño,Riaño,False,4,4
"Pedrazales (Parque Natural del lago de Sanabria), Galende, Zamora","Pedrazales (Parque Natural del lago de Sanabria), Galende, Zamora",False,4,4
Fuerteventura,Fuerteventura,False,4,4
Aldehuela de la Bóveda (Salamanca),Salamanca,True,4,5616
"Salou, Tarragona",Salou,True,4,2824
Priego de Córdoba,Priego de Córdoba,False,4,4
"Parres, Llanes","Parres, Llanes",False,4,4
"Benasque, Huescca","Benasque, Huescca",False,4,4
Alcalá de Henares,Guadalajara,True,4,3510
"Playa del Ingles, Maspalomas","Playa del Ingles, Maspalomas",False,4,4
"Plasenzuela, Cáceres","Plasenzuela, Cáceres",False,4,4
La Granadella,Cambrils,True,4,2341
"El Acebrón, Cuenca","El Acebrón, Cuenca",False,4,4
Santa Cruz de la Palma,Santa Cruz de la Palma,False,4,4
" Lalín, Pontevedra","O Pino, A Coruña",True,4,5236
Cangas del narcea ,Cangas del narcea ,False,4,4
"Cazalla de la Sierra, Sevilla","Cazalla de la Sierra, Sevilla",False,4,4
La Nava,La Nava,False,4,4
Orellana La Vieja,Orellana La Vieja,False,4,4
San Agustín San Bartolome de Tirajana ,San Agustín San Bartolome de Tirajana ,False,4,4
Guía de Isora,Guía de Isora,False,4,4
 Córdoba,Córdoba,True,3,5489
Ses Salines,Fornells,True,3,2574
Pantín Valdoviño,Miño,True,3,4974
Tafalla,Pamplona,True,3,2752
Vinaròs,Vinaròs,False,3,3
El Rompido,"Isla Cristina, Huelva",True,3,3286
Santa Cilia de Jaca,Sos del Rey Católico,True,3,2077
Alella,Barcelona,True,3,27987
San Miguel de Luena,Santander,True,3,6325
Playa de Muro,Playa de Muro,False,3,3
Potes,Potes,False,3,3
Caleta de Velez (Málaga),"Nerja, Málaga",True,3,3965
Hontanar,Toledo,True,3,19599
Cordoba,Córdoba,True,3,5489
Currelos,Portomarín,True,3,3691
Porreras,Porreras,False,3,3
MURO DE ALCOI,Calpe,True,3,2438
Cartagena ,MURCIA,True,3,4577
Almodóvar del Río,Córdoba,True,3,5489
Andratx,Andratx,False,3,3
Torreblanca,Torreblanca,False,3,3
Burriana,Burriana,False,3,3
Estamariu,Estamariu,False,2,2
Dénia,Denia,True,2,2751
Aín,Manises,True,2,5501
Cartama ,Alhaurín el Grande,True,2,2409
Fataga,Fataga,False,2,2
BURGOS,Burgos,True,2,3283
Pedreguer,Denia,True,2,2751
ALMERIA (ROQUETAS DE MAR),ALMERIA (ROQUETAS DE MAR),False,2,2
Benahavis,"Marbella, Málaga",True,2,6779
QUATRETONDETA,Calpe,True,2,2438
Caminomorisco,Caminomorisco,False,2,2
Burriana ,Burriana ,False,2,2
"Burela, Lugo","Burela, Lugo",False,2,2
Vidreres,Tossa de Mar,True,2,2191
Orbaizeta,"Zubiri, Navarra",True,2,2642
Vigo. Pontevedra,"Redondela, Pontevedra",True,2,3088
Castelldefels,Sitges,True,2,4574
Palma de Mallorca,Palma de Mallorca,False,2,2
"Monesterio, Badajoz",ZAFRA,True,1,2390
Añón de Moncayo,"Tudela, Navarra",True,1,2362
Lanzarote,Lanzarote,False,1,1
LINARES,LINARES,False,1,1
Puig-reig,Puig-reig,False,1,1
Polop de la Marina,Calpe,True,1,2438
Garganta La Olla,Garganta La Olla,False,1,1
"Aldealengua, Salamanca",Salamanca,True,1,5616
Palomera,Palomera,False,1,1
Guisando,Guisando,False,1,1
Albuñuelas (Granada),Nerja,True,1,4525
Sagunto,Valencia,True,1,10751
Cazorla (Jaén),Cazorla (Jaén),False,1,1
Velada,Velada,False,1,1
"Villanueva del Ariscal, Sevilla",Sevilla,True,1,26417
Lloret de Mar,Tossa de Mar,True,1,2191
Arrecife,Arrecife,False,1,1
Esterri d'Àneu,Esterri d'Àneu,False,1,1
Teia,Barcelona,True,1,27987
"Pedro Bernardo, Ávila","Pedro Bernardo, Ávila",False,1,1
La Zubia,Granada,True,1,8287
Villaviciosa de Odón,Madrid,True,1,61315
Guardamar del Segura,Torrevieja,True,1,5325
Mijas,"Marbella, Málaga",True,1,6779
el vendrell,Sitges,True,1,4574
"Atienza, Guadalajara","Atienza, Guadalajara",False,1,1
Santa Susanna,Tossa de Mar,True,1,2191
Bubión,Granada,True,1,8287
Arbuniel,Arbuniel,False,1,1
Playa d'Aro,"Vall-llobrega, Girona",True,1,2228
Torredembarra,Tarragona,True,1,3075
"Charco del Pino, Granadilla de Abona","Charco del Pino, Granadilla de Abona",False,1,1
Villanueva de Duero,Valladolid,True,1,5769
"Puente Arroes, 5","Candás, Asturias",True,1,2209
"Oropesa del Mar, Castellón","Oropesa del Mar, Castellón",False,1,1
Rueda,Valladolid,True,1,5769
"Puerto del Rosario, Fuerteventura","Puerto del Rosario, Fuerteventura",False,1,1
Forcarei,Caldas de Reis,True,1,5231
San Cristóbal de La Laguna,San Cristóbal de La Laguna,False,1,1
"Torroella de Montgrí, Girona","L'Escala, Girona",True,1,3166
