original_city,canonical_city,changed
Sevilla,Sevilla,False
Aldeanueva del Camino,Aldeanueva del Camino,False
Roses,Roses,False
"Tudela, Navarra","Tudela, Navarra",False
Santander,Santander,False
Frigiliana,Frigiliana,False
Mallabia,Mallabia,False
Santo Domingo de la Calzada,Santo Domingo de la Calzada,False
"Torreguadiaro, Cádiz",Cádiz,True
Madrid,Madrid,False
Cacabelos,Cacabelos,False
"Estepona, Málaga,",Estepona,True
"Belchite, Zaragoza",Zaragoza,True
Pedrouzo,Pedrouzo,False
Jaén,Jaén,False
Blanes ,Blanes ,False
Mazagón,Mazagón,False
L'Escala,"L'Escala, Girona",True
Corralejo,Corralejo,False
Málaga,Málaga,False
Calafell,Calafell,False
"Sepúlveda, Segovia",Segovia,True
Guadalajara,Guadalajara,False
CASTELLON DE PLANA,CASTELLON DE PLANA,False
"Isla Cristina, Huelva","Isla Cristina, Huelva",False
San pedro de alcantara,San pedro de alcantara,False
Murcia,MURCIA,True
Zamora,Zamora,False
Oviedo,Oviedo,False
"Villanúa, Huesca","Villanúa, Huesca",False
Puerto de la Cruz,Puerto de la Cruz,False
Santiago de Compostela,Santiago de Compostela,False
Castellbisbal ,Castellbisbal ,False
Alicante,Alicante,False
"Marbella, Málaga",Málaga,True
Segovia,Segovia,False
Arcos de la Frontera,Jerez de la Frontera,True
O Pino,O Pino,False
Arnedo,Arnedo,False
Tarragona,Tarragona,False
Castro-Urdiales,Castro-Urdiales,False
Soutomaior,Soutomaior,False
Manzanares,Manzanares,False
Lugo,Lugo,False
"Almagro, Ciudad Real",Almagro,True
Capileira,Capileira,False
Archidona,Archidona,False
"Vicolozano, Ávila","Vicolozano, Ávila",False
Cariño,Cariño,False
Siejo,Siejo,False
Cabo de Palos,Cabo de Palos,False
Pontevedra,Pontevedra,False
Valladolid,Valladolid,False
Jerez de la Frontera,Jerez de la Frontera,False
Tarifa,Tarifa,False
Barcelona,Barcelona,False
"Santiago de Compostela, A Coruña",A Coruña,True
Pamplona,Pamplona,False
Sant Fost de Campsentelles,Sant Fost de Campsentelles,False
Alcalà ,Alcalà ,False
Manises,Manises,False
Moscari,Moscari,False
Zaragoza,Zaragoza,False
Santa Eulalia del Río,Santa Eulalia del Río,False
Vejer de la Frontera,Vejer de la frontera,True
"Tarifa, Cádiz",Cádiz,True
Marbella,"Marbella, Málaga",True
"Sarria, Lugo","Sarria, Lugo",False
Caldas de Reis,Caldas de Reis,False
La Savina,La Savina,False
El Burgo de Osma,Burgos,True
Leon,León,True
Logroño,Logroño,False
"Alcalá de Henares, Madrid",Madrid,True
"Espinavell, Girona,","Espinavell, Girona,",False
Alhama de Aragón,Alhama de Aragón,False
Algeciras,Algeciras,False
Sant Andreu De Llavaneres,Sant Andreu De Llavaneres,False
Guadix,Guadix,False
Estella-Lizarra,Estella,True
Villagonzalo Pedernales,Villagonzalo Pedernales,False
Cabrils,Cabrils,False
TARIFA,Tarifa,True
"Vic, Barcelona,","Vic, Barcelona,",False
Mojácar,Mojácar,False
Úbeda,Úbeda,False
"Polop, Alicante",Alicante,True
O Pedrouzo,Pedrouzo,True
Toledo,Toledo,False
"Cabo de Palos, Murcia",MURCIA,True
Bilbao,Bilbao,False
Cuenca,Cuenca,False
Badalona,Badalona,False
"Anglès, Girona",Girona,True
"Sigüenza, Guadalajara",Guadalajara,True
Yecla,Yecla,False
Vilanova de Arousa,Vilanova de Arousa,False
Manacor,Manacor,False
VALENCIA,Valencia,True
Puerto de Mogán (Lomoquiebre),Puerto de Mogán (Lomoquiebre),False
Peñafiel,Peñafiel,False
MADRID,Madrid,True
Salou,Salou,False
Estella,Estella,False
Ronda,Ronda,False
Benifallet,Benifallet,False
Constantina,Constantina,False
Mogro,Logroño,True
Cullera,Cullera,False
Córdoba ,Córdoba,True
Redondela ,Redondela ,False
Llançà,Llançà,False
Riu de Cerdanya,Riu de Cerdanya,False
"Pedrafita do Cebreiro, Lugo","Pedrafita do Cebreiro, Lugo",False
Albacete,Albacete,False
"Playa la Arena, Santa Cruz de Tenerife",Santa cruz de Tenerife,True
Argés,Argés,False
"Albaicín, Granada, ",Granada,True
Alhaurín de la Torre,Alhaurín de la Torre,False
Manzanal de los Infantes,Manzanal de los Infantes,False
"Nerja, Málaga",Málaga,True
"Cazorla, Jaén",Jaén,True
Redondela (Pontevedra),Redondela (Pontevedra),False
Colmenar del Arroyo,Colmenar del Arroyo,False
Briñas,Briñas,False
Matalascañas,Matalascañas,False
Hondarribia,Hondarribia,False
Espinosa de los Monteros,Espinosa de los Monteros,False
"38700 Santa Cruz de la Palma , Santa Cruz de Tenerife ",Santa cruz de Tenerife,True
Salamanca,Salamanca,False
Cóbreces,Cóbreces,False
"Salvatierra de Tormes, Salamanca",Salamanca,True
Almazán,Almazán,False
Algemesi,Algemesi,False
SANTA EULALIA DE OSCOS,SANTA EULALIA DE OSCOS,False
Tudela ,"Tudela, Navarra",True
Montoro,Montoro,False
Guardo,Guardo,False
Sos Del Rey Catolico,Sos del Rey Católico,True
Cantabria,Cantabria,False
Negreira,Negreira,False
A Coruña,A Coruña,False
"Castellfollit de la Roca, Girona",Girona,True
Valencia,Valencia,False
El Bruc,El Bruc,False
"Espot, Lleida","Espot, Lleida",False
Maó,Maó,False
Aínsa,Aínsa,False
"Alacant, Alicante,","Alacant, Alicante,",False
Valdoviño,Valdoviño,False
Teguise,Teguise,False
Caravaca de la Cruz,Caravaca de la Cruz,False
Nerja,Nerja,False
El Valle,El Valle,False
València,Valencia,True
"Alcalá la Real, Jaén",Jaén,True
Arnedillo,Arnedillo,False
Burgos,Burgos,False
Malpica,Malpica,False
Santa cruz de Tenerife,Santa cruz de Tenerife,False
Sa Cabaneta,Sa Cabaneta,False
"Vilaverd, Tarragona",Tarragona,True
"Salobreña, Granada",Granada,True
 La Vall de Laguar, La Vall de Laguar,False
Hermandad de Campoo de Suso,Hermandad de Campoo de Suso,False
"Fortià, Girona",Girona,True
Jaén ,Jaén,True
Cadaqués,Cadaqués,False
El Médano,El Médano,False
Aracena,Aracena,False
"Balaguer, Lleida","Arsèguel, Lleida",True
MALAGA,Málaga,True
"Alhaurin el Grande,",Alhaurín el Grande,True
"Canet d'Adri, Girona",Girona,True
Puente Villarente,Puente Villarente,False
O Grove,O Grove,False
Almarza,Almazán,True
"Llers, Girona",Girona,True
Getaria,Getaria,False
Guernica,Guernica,False
Valle,Valle,False
León,León,False
L'Alcúdia,L'Alcúdia,False
La Guardia,La Guardia,False
Cortes de la Frontera ,Jerez de la Frontera,True
"Taranilla, León,","Taranilla, León,",False
Las Negras,Las Negras,False
"Ochagavía, Navarra","Ochagavía, Navarra",False
Bergara,Bergara,False
"Padul, Granada",Granada,True
Valldemossa,Valldemossa,False
 Matalascañas (Almonte),Matalascañas,True
Santo Domingo de la Cazada,Santo Domingo de la Calzada,True
Arguineguin,Arguineguin,False
Sitges,Sitges,False
Setenil de las Bodegas,Setenil de las Bodegas,False
 Freixinet, Freixinet,False
"Mijas, Málaga",Málaga,True
"L'Escala, Girona",Girona,True
Cangas de Onis ,Cangas de Onis ,False
Bizkaia,"Getxo, Bizkaia",True
"O Pino, A Coruña",A Coruña,True
Costa Teguise,Costa Teguise,False
Pollença,Pollença,False
Playa Honda,Playa Honda,False
POLOP DE LA MARINA,POLOP DE LA MARINA,False
Guadalupe (Cáceres),Guadalupe (Cáceres),False
Santa Cruz de Tenerife,Santa cruz de Tenerife,True
Cañaveral,Cañaveral,False
SAN PEDRO ALCANTARA,San pedro de alcantara,True
"Rupit, Barcelona",Barcelona,True
"Las Cabezas de San Juan, Sevilla",Sevilla,True
Denia,Denia,False
Redondela,Redondela ,True
Ariany,Ariany,False
Portonovo,Portonovo,False
"Garray, Soria","Garray, Soria",False
PAMPLONA,Pamplona,True
Güejar Sierra,Güejar Sierra,False
Terrassa,Terrassa,False
Urdaniz,Urdaniz,False
Ponferrada,Ponferrada,False
Sineu,Sineu,False
"O Pedrouzo, A Coruña",A Coruña,True
"Llafranc, Girona",Girona,True
"Sant Feliu de Guíxols, Girona,","Sant Feliu de Guíxols, Girona,",False
Artà,Artà,False
Lugo ,Lugo ,False
"Usurbil, Gipuzkoa","Usurbil, Gipuzkoa",False
Vejer de la frontera,Vejer de la frontera,False
Mondoñedo,Mondoñedo,False
"Mourisca, Province of Ourense","Mourisca, Province of Ourense",False
Peñíscola,Peñíscola,False
Calpe,Calpe,False
"Medina-Sidonia, Cadiz",Cadiz,True
Mérida,Mérida,False
Aspe,Aspe,False
Aia,Aia,False
Córdoba,Córdoba,False
Finestrat,Finestrat,False
Las Palmas de Gran Canarias,Las Palmas de Gran Canaria,True
La Puebla de los Infantes,La Puebla de los Infantes,False
Cadiz,Cádiz,True
Granada,Granada,False
Benalmádena,Benalmádena,False
L'estartit,L'estartit,False
Covas - Ames,Covas - Ames,False
Villaverde,Villaverde,False
Banyeres del Penedès,Banyeres del Penedès,False
GAUTEGIZ-ARTEAGA   VIZCAYA,GAUTEGIZ-ARTEAGA   VIZCAYA,False
"Rota, Cádiz",Cádiz,True
San Sebastián-Donostia,San Sebastián-Donostia,False
Palma de Mallorca ,Palma de Mallorca ,False
Costitx,Costitx,False
Punta Prima,Punta Prima,False
"Vélez Blanco, Almeria","Vélez Blanco, Almeria",False
"Tejina, Santa Cruz de Tenerife",Santa cruz de Tenerife,True
"El Algar, Cartagena","El Algar, Cartagena",False
Els Masos de Pals,Els Masos de Pals,False
Épila,Épila,False
Alcaucin ,Alcaucin ,False
Novelda,Novelda,False
El Provencio,El Provencio,False
"Porqueres, Girona,","Porqueres, Girona,",False
Peñiscola,Peñiscola,False
SAN ROMAN - SANTANDER,Santander,True
Cambrils,Cambrils,False
Figueres,Figueres,False
Oasis del Sur,Oasis del Sur,False
Dehesa de Campoamor,Dehesa de Campoamor,False
Valderrobres,Valderrobres,False
Talavera de la Reina,Talavera de la Reina,False
"Baiona, Pontevedra",Pontevedra,True
"Arsèguel, Lleida","Arsèguel, Lleida",False
"Redondela, Pontevedra",Pontevedra,True
Toledo ,Toledo,True
Pinto,Pinto,False
Arzúa,Arzúa,False
"Girona,",Girona,True
Almagro,Almagro,False
Cervera,Cervera,False
El Pont de Suert,El Pont de Suert,False
"Rascafría, Madrid",Madrid,True
"Vilanova de la Muga, Girona",Girona,True
"Canet de Mar, Barcelona",Barcelona,True
Miño,Miño,False
Arguis,Arguis,False
Santa Eulalia del Río (Ibiza),Santa Eulalia del Río (Ibiza),False
"Güímar, Santa Cruz de Tenerife",Santa cruz de Tenerife,True
Blocona,Blocona,False
San Pedro del Pinatar,San pedro de alcantara,True
"Talavera de la Reina, Toledo,",Talavera de la Reina,True
"Jerez de la Frontera, Cádiz",Cádiz,True
Portomarín,Portomarín,False
Valle de Abdalajís,Valle de Abdalajís,False
Can Picafort,Can Picafort,False
"Xàbia, Alicante,","Alacant, Alicante,",True
Ea,Ea,False
Pedraza,Pedraza,False
Carnota,Carnota,False
Arnuero,Arnuero,False
Fornells,Fornells,False
Zafra,ZAFRA,True
"Sos del Rey Católico, Zaragoza",Zaragoza,True
Balmaseda,Balmaseda,False
Estellencs,Estellencs,False
"Torremolinos, Málaga",Málaga,True
"Dénia, Alicante",Alicante,True
"Sanxexo, Pontevedra",Pontevedra,True
Ansovell,Ansovell,False
EMPURIABRAVA,EMPURIABRAVA,False
Punta del Hidalgo,Punta del Hidalgo,False
Prado del Rey ,Prado del Rey ,False
Oronz,Oronz,False
Benissa,Benissa,False
"Torrox Pueblo, Málaga",Málaga,True
Freila,Freila,False
"Santa Pau, Girona,","Santa Pau, Girona,",False
Torrellas,Torrellas,False
"Vall-llobrega, Girona",Girona,True
Magallon,Magallon,False
Elgoibar,Elgoibar,False
"Alfondeguilla, Castellón","Alfondeguilla, Castellón",False
"Soo, Las Palmas",Las Palmas de Gran Canaria,True
Felechosa,Felechosa,False
Larraga,Tarragona,True
Rota,Rota,False
Formentera,Formentera,False
Playa del Ingles,Playa del Ingles,False
Santa Maria de Nava,Santa Maria de Nava,False
Alcañiz,Alcañiz,False
"El Mallol, Girona",Girona,True
Estación de Mora - Albentosa,Estación de Mora - Albentosa,False
Cádiz,Cádiz,False
Caldes D Estrac,Caldes D Estrac,False
Ourense,Ourense,False
"Garganta la Olla, Cáceres","Garganta la Olla, Cáceres",False
Valle Guerra,Valle Guerra,False
"Mogarraz, Salamanca",Salamanca,True
"Puntallana, Santa Cruz de Tenerife",Santa cruz de Tenerife,True
"Congostro, Province of Ourense","Congostro, Province of Ourense",False
SANTO DOMINGO DE LA CALZADA,Santo Domingo de la Calzada,True
"San Isidro, Santa Cruz de Tenerife,",Santa cruz de Tenerife,True
"Gaucin, Malaga",MALAGA,True
Ojén,Ojén,False
Castillo Caleta de Fuste,Castillo Caleta de Fuste,False
Àger,Àger,False
Arcos de la Frontera(Cádiz),"Jerez de la Frontera, Cádiz",True
"El Roque, Las Palmas","El Roque, Las Palmas",False
Nájera,Nájera,False
San Agustín (Mas Palomas),San Agustín (Mas Palomas),False
O Barqueiro,O Barqueiro,False
Águilas,Águilas,False
Villavieja del Lozoya,Villavieja del Lozoya,False
"Llanes, Asturias","Candás, Asturias",True
Socuéllamos,Socuéllamos,False
"Úbeda, Jaén",Jaén,True
Estepona,Estepona,False
"Ribes de Freser,","Ribes de Freser,",False
Getxo,Getxo,False
"El Puerto de Sta María, Cádiz",Cádiz,True
"Comillas, Cantabria","Comillas, Cantabria",False
Jorba,Jorba,False
cordoba,Córdoba,True
Padrón,Padrón,False
Girona,Girona,False
ADEJE,ADEJE,False
Palamós,Palamós,False
Blanes,Blanes,False
Marbella ,"Marbella, Málaga",True
Torrevieja,Torrevieja,False
Santiago de Compostela - La Coruña,Santiago de Compostela,True
AVILA,AVILA,False
El Chorro,El Chorro,False
Los Alcázares,Los Alcázares,False
Campelles,Campelles,False
"Jédula, Cádiz",Cádiz,True
BENIDORM,BENIDORM,False
Saldes,Saldes,False
"Las Herrerías, León,","Las Herrerías, León,",False
Vera,Cervera,True
Lucena,Lucena,False
Muros ,Muros ,False
GIJÓN,GIJÓN,False
Donamaria,Donamaria,False
La Aldea de San Nicolás,La Aldea de San Nicolás,False
Muxía,Muxia,True
"Los Caños de Meca, Cádiz",Cádiz,True
Viveiro,Viveiro,False
"Cóbreces, Cantabria,","Cóbreces, Cantabria,",False
Alaior,Alaior,False
Sant Celoni,Sant Celoni,False
MARBELLA,"Marbella, Málaga",True
Vélez Málaga ,Málaga,True
Santa Pola,Santa Pola,False
Badajoz ,Badajoz ,False
San Carlos de Peralta,San Carlos de Peralta,False
"Deba, Pais Vasco","Deba, Pais Vasco",False
Bollullos de la Mitación,Bollullos de la Mitación,False
Castril,Castril,False
Rubí,Rubí,False
"Freixenet de Segarra, Lleida","Freixenet de Segarra, Lleida",False
Vigo,Vigo,False
Astudillo,Astudillo,False
Ulldemolins,Ulldemolins,False
Cehegín,Cehegín,False
Eivissa,Benissa,True
Callosa de Ensarria,Sarria,True
"Terrades, Girona",Girona,True
"Santa Margarida de Montbui, Barcelona",Barcelona,True
"Cabó, Lleida,","Cabó, Lleida,",False
"Conil de la Frontera, Cádiz",Cádiz,True
"Argoños, Cantabria,","Argoños, Cantabria,",False
"Cañadas del Romero, Mazarrón","Cañadas del Romero, Mazarrón",False
Ferreries,Ferreries,False
"Planoles, Girona",Girona,True
"Oropesa, Toledo",Toledo,True
San Juan de la Arena,San Juan de la Arena,False
Lèrida,Lèrida,False
"Vejer de la Frontera, Cádiz",Cádiz,True
Teruel,Teruel,False
Valdepeñas,Valdepeñas,False
El Escobal,El Escobal,False
"La Cistérniga, Valladolid",Valladolid,True
Iznatoraf,Iznatoraf,False
"Ventolà, Girona",Girona,True
"A Granxa, Ourense","A Granxa, Ourense",False
Carboneras,Carboneras,False
"Tavascan, Lleida","Tavascan, Lleida",False
Coín,Coín,False
Villaciervos,Villaciervos,False
Arroyo de la Encomienda,Arroyo de la Encomienda,False
San Sebastian ,San Sebastian ,False
Ibi,Ibi,False
Matadepera,Matadepera,False
"Puigcerdà, Girona",Girona,True
"San José de los Llanos, Santa Cruz de Tenerife",Santa cruz de Tenerife,True
San Vicente de la Sonsierra,San Vicente de la Sonsierra,False
"Cambrils, Tarragona",Tarragona,True
"Es Camp de Mar, Balearic Islands","Es Camp de Mar, Balearic Islands",False
"Zubiri, Navarra","Zubiri, Navarra",False
Banyalbufar,Banyalbufar,False
"El Pedroso, Sevilla",Sevilla,True
Sant Marti de Centelles (Barcelona),Sant Marti de Centelles (Barcelona),False
Ferrol,Ferrol,False
Torres del Río,Torres del Río,False
Ayamonte,Ayamonte,False
Llucmajor,Llucmajor,False
MURCIA,MURCIA,False
Las Palmas de Gran Canaria,Las Palmas de Gran Canaria,False
"O Courel ,  Quiroga ,  Lugo","O Courel ,  Quiroga ,  Lugo",False
Arenas de San Pedro,Arenas de San Pedro,False
Ceuta,Ceuta,False
Olot,Olot,False
"Getxo, Bizkaia","Getxo, Bizkaia",False
Sos del Rey Católico,Sos del Rey Católico,False
" Masopalmas, Las Palmas"," Masopalmas, Las Palmas",False
TIAS,TIAS,False
"PESQUERA DE DUERO, VALLADOLID",Valladolid,True
Urrea de Gaen,Urrea de Gaen,False
Puerto de Mazarrón,Puerto de Mazarrón,False
Baiona,Baiona,False
Villarreal de San Carlos,Villarreal de San Carlos,False
Frontera,Frontera,False
Bellver de la Cerdanya,Bellver de la Cerdanya,False
SANTILLANA DEL MAR,SANTILLANA DEL MAR,False
ZAFRA,ZAFRA,False
El Tiemblo (Avila),El Tiemblo (Avila),False
villanueva de la cañada,villanueva de la cañada,False
Sarria,Sarria,False
Barreiros,Barreiros,False
Antequera,Antequera,False
Barcelona ,Barcelona,True
Torroja del Priorat,Torroja del Priorat,False
"Canfranc-Estación, Huesca","Canfranc-Estación, Huesca",False
Oleiros,Oleiros,False
"San Bartolomé, Las Palmas,","San Bartolomé, Las Palmas,",False
"Donostia, Gipuzkoa","Donostia, Gipuzkoa",False
Arbúcies,Arbúcies,False
Banyoles,Banyoles,False
Daroca,Daroca,False
Eljas,Eljas,False
Múnter (Muntanyola),Múnter (Muntanyola),False
Quintana de Soba,Quintana de Soba,False
"Candás, Asturias","Candás, Asturias",False
"Ruidera, Ciudad Real","Ruidera, Ciudad Real",False
Fuenteheridos,Fuenteheridos,False
Inca,Inca,False
La Laguna,La Laguna,False
"Taull, Lleida","Arsèguel, Lleida",True
REDONDELA,Redondela ,True
"El Pla Del Penedès, Barcelona",Barcelona,True
"Vecindario, Gran Canaria. ","Vecindario, Gran Canaria. ",False
Canet de Mar,Canet de Mar,False
Puebla de Alcocer,Puebla de Alcocer,False
Alcarràs,Alcarràs,False
"Carballo, A Coruña",A Coruña,True
"Montseny, Barcelona",Barcelona,True
"A Guarda, Pontevedra",Pontevedra,True
Abaurrepea / Abaurrea Baja,Abaurrepea / Abaurrea Baja,False
"Tossa de Mar, Girona",Girona,True
Avinyonet de Puigventós,Avinyonet de Puigventós,False
"Cubla, Teruel","Cubla, Teruel",False
Llaroles Nevada - Granada ,Llaroles Nevada - Granada ,False
Alhaurín el Grande,Alhaurín el Grande,False
"San Ambrosio, Barbate","San Ambrosio, Barbate",False
Pau,Pau,False
MOLINASECA,MOLINASECA,False
Vinyols i Els Arcs,Vinyols i Els Arcs,False
Elizondo,Elizondo,False
Ciudad Real,Ciudad Real,False
"San Miguel de Castro, Pontevedra",Pontevedra,True
"Camprodon, Girona,","Camprodon, Girona,",False
Toledo Castilla-La Mancha España,Toledo Castilla-La Mancha España,False
Chulilla,Chulilla,False
Cangas,Cangas,False
Maturana - Barrundia,Maturana - Barrundia,False
Higuera de las Dueñas,Higuera de las Dueñas,False
La Orotava,La Orotava,False
"Sitges, Barcelona",Barcelona,True
"Sant Martí Vell, Girona",Girona,True
L'Ampolla,L'Ampolla,False
Cala Figuera ,Cala Figuera ,False
Meranges,Meranges,False
"Tolox, Málaga",Málaga,True
GRANADA,Granada,True
Guaso,Guaso,False
"Los Santos de la Humosa, Madrid",Madrid,True
Alajeró - La Gomera,Alajeró - La Gomera,False
Cuevas del Almanzora,Cuevas del Almanzora,False
 Guzmán, Guzmán,False
Cazalla de la sierra,Cazalla de la sierra,False
Fuencaliente de La Palma,Fuencaliente de La Palma,False
Santillana Del Mar,Santillana Del Mar,False
"Elche de la Sierra, Albacete","Elche de la Sierra, Albacete",False
"Santa María del Tiétar,","Santa María del Tiétar,",False
El Palm-Mar,El Palm-Mar,False
"Daimiel, Ciudad Real","Daimiel, Ciudad Real",False
Port de Pollença,Port de Pollença,False
Ochagavia,Ochagavia,False
"Berlanga del Duero, Soria","Berlanga del Duero, Soria",False
Garai,Garai,False
Muxia,Muxia,False
Sigüenza,"Sigüenza, Guadalajara",True
Morro Jable,Morro Jable,False
Arona,Girona,True
Alcalá del Júcar,Alcalá del Júcar,False
Villalba de Rioja,Villalba de Rioja,False
San Martín de Teverga,San Martín de Teverga,False
Las Regueras,Las Regueras,False
HUÉSCAR,HUÉSCAR,False
"Ossa de Montiel, Albacete, ","Ossa de Montiel, Albacete, ",False
Izal,Izal,False
Breña Alta,Breña Alta,False
"Altron, Lleida","Altron, Lleida",False
Santillana del Mar,Santillana del Mar,False
"Pontedeume, A Coruña,",A Coruña,True
"Busquístar, Granada",Granada,True
"Constantina, Sevilla",Sevilla,True
Santa Eulària des Riu,Santa Eulària des Riu,False
El Altet (Elche) Alicante,El Altet (Elche) Alicante,False
Turre - Almeria,Turre - Almeria,False
Borredà,Borredà,False
Mallorca,Mallorca,False
Xàtiva,Xàtiva,False
"Pantano de Cijara, Cáceres","Pantano de Cijara, Cáceres",False
"La Laguna, Santa Cruz de Tenerife",Santa cruz de Tenerife,True
la fresneda siero,la fresneda siero,False
Maria de la Salut,Maria de la Salut,False
Capellades,Capellades,False
Orihuela Costa,Orihuela Costa,False
"Puntagorda, La Palma","Puntagorda, La Palma",False
Granadilla,Granada,True
Benissivà,Benissa,True
Vega de San Mateo,Vega de San Mateo,False
"Cubells, Lleida","Cubells, Lleida",False
Santa Maria de Palautordera,Santa Maria de Palautordera,False
"San José, Almería","San José, Almería",False
La Cabrera,La Cabrera,False
Corduente,Corduente,False
"Santa Elena, Jaén",Jaén,True
LA CÁNDANA DE CURUEÑO - LEÓN,LA CÁNDANA DE CURUEÑO - LEÓN,False
Fuengirola ,Fuengirola ,False
Pesquera de Duero,Pesquera de Duero,False
Mahon,Mahon,False
Almería,Almería,False
El Rasillo de Cameros,El Rasillo de Cameros,False
Villarejo,Villarejo,False
"Santillana del Mar, Cantabria","Santillana del Mar, Cantabria",False
"Castissent, Lleida","Castissent, Lleida",False
Secadura,Secadura,False
"Calaceite, Teruel","Calaceite, Teruel",False
Bóveda ,Bóveda ,False
Tresviso,Tresviso,False
Torrelles de Foix,Torrelles de Foix,False
La Cala de Mijas,La Cala de Mijas,False
Cap d'Artrutx,Cap d'Artrutx,False
Cabezón de Liébana,Cabezón de Liébana,False
"Castroviejo, La Rioja","Castroviejo, La Rioja",False
"Fermoselle, Zamora",Zamora,True
"Punta Umbría, Huelva","Punta Umbría, Huelva",False
"Navaconcejo, Cáceres","Navaconcejo, Cáceres",False
Goizueta,Goizueta,False
"Sada, A Coruña",A Coruña,True
"Ciutadella de Menorca, Illes Balears","Maó, Illes Balears",True
ALMANSA,ALMANSA,False
"Fuentes de Oñoro, Salamanca",Salamanca,True
Villafranca del Bierzo,Villafranca del Bierzo,False
A CORUÑA,A Coruña,True
"Maó, Illes Balears","Maó, Illes Balears",False
Ayora,Ayora,False
"Adeje, Santa Cruz de Tenerife",Santa cruz de Tenerife,True
Gipuzkoa,"Donostia, Gipuzkoa",True
Los Cristianos,Los Cristianos,False
"Arona, Santa Cruz de Tenerife",Santa cruz de Tenerife,True
Aren,Aren,False
Pontedeume,Pontedeume,False
"Navarrete, ","Navarrete, ",False
Argelaguer,Argelaguer,False
Alojera - la Gomera ,Alojera - la Gomera ,False
Llanes,Llanes,False
"El Burgo de Osma, Soria","El Burgo de Osma, Soria",False
Puerto del Carmen,Puerto de la Cruz,True
Morella,Morella,False
FALSET,FALSET,False
Sanxenxo,Sanxenxo,False
Los Palacios y Villafranca,Los Palacios y Villafranca,False
BAZA,BAZA,False
"Calp, Alicante",Alicante,True
"Castellanos de Villiquera, Salamanca",Salamanca,True
Ingenio,Ingenio,False
El Albir,El Albir,False
Pereiro de Aguiar,Pereiro de Aguiar,False
castalla,castalla,False
Pandiello. Cabrales,Pandiello. Cabrales,False
JAÉN,Jaén,True
Maçanet de Cabrenys,Maçanet de Cabrenys,False
Sant Lluís,Sant Lluís,False
"Caspueñas, Guadalajara",Guadalajara,True
Marratxi,Marratxi,False
Cantonigròs,Cantonigròs,False
"RENAU, Tarragona",Tarragona,True
Cudillero,Cudillero,False
Miyares (Piloña),Miyares (Piloña),False
Arriondas (Parres),Arriondas (Parres),False
"El Barraco, Ávila","El Barraco, Ávila",False
Zarratón,Zarratón,False
Benamaurel,Benamaurel,False
"Cañamero, Cáceres,","Cañamero, Cáceres,",False
"Saldes, Catalunya","Saldes, Catalunya",False
Montgat,Montgat,False
"Setenil  de las bodegas, Cádiz,",Setenil de las Bodegas,True
Siguenza Guadalajara,"Sigüenza, Guadalajara",True
"Lukiano, Araba","Lukiano, Araba",False
Ripoll,Ripoll,False
"Corralejo, Las Palmas",Corralejo,True
"Chulilla, Valencia",Valencia,True
Chipiona,Chipiona,False
Valverde,Valverde,False
Cuellar,Cuellar,False
"Las Rozas, Asturias","Candás, Asturias",True
Cartagena,Artà,True
Valdealgorfa,Valdealgorfa,False
Motril,Motril,False
" Dúrcal, Granada",Granada,True
"Grañas do Sor, Mañón","Grañas do Sor, Mañón",False
"Rodezno, La Rioja,","Rodezno, La Rioja,",False
Deltebre,Deltebre,False
Viladrau,Viladrau,False
Quesa,Quesa,False
"Costa Adeje, Tenerife","Costa Adeje, Tenerife",False
Arguedas,Arguedas,False
Playa De L'Ingles - Maspalomas,Playa De L'Ingles - Maspalomas,False
"Tomeza, Pontevedra",Pontevedra,True
Campdevànol,Campdevànol,False
"Baeza, Jaén",Jaén,True
Yeste,Yeste,False
JEREZ DE LA FRONTERA,Jerez de la Frontera,True
La Isla,La Isla,False
Tudes,Tudes,False
Santa Colomba de las Arrimadas,Santa Colomba de las Arrimadas,False
Torroella de Montgrí,Torroella de Montgrí,False
"Regencós, Girona",Girona,True
"Abanillas, Cantabria","Abanillas, Cantabria",False
Rabós,Rabós,False
"El Mas de Gerembí, Tarragona",Tarragona,True
Begur,Begur,False
Vallgorguina,Vallgorguina,False
"Portocolom, Illes Balears","Maó, Illes Balears",True
Cahecho,Cahecho,False
La Frontera,Jerez de la Frontera,True
Candeleda,Candeleda,False
"Reíllo, Cuenca",Cuenca,True
Chiclana de la Frontera,Jerez de la Frontera,True
"Olot, Girona",Girona,True
Cambados,Cambados,False
Panticosa,Panticosa,False
Teverga,Teverga,False
Isla del Hierro,Isla del Hierro,False
"Colònia de Sant Jordi, Illes Balears","Maó, Illes Balears",True
Legazpi,Legazpi,False
Olmedo,Olmedo,False
"Darnius, Girona",Girona,True
Las palmas,Las Palmas de Gran Canaria,True
Valencia ,Valencia,True
"El Palo, Málaga",Málaga,True
Las Rozas de Madrid,Las Rozas de Madrid,False
Melilla,Melilla,False
San Cristóbal De La Laguna,San Cristóbal De La Laguna,False
Níjar ,Níjar ,False
Mondariz,Ronda,True
Talaván,Talaván,False
Taüll,Taüll,False
URDA,URDA,False
Benialí,Benialí,False
" Vigo, Zamora,",Zamora,True
"Calzada de Calatrava, Ciudad Real","Calzada de Calatrava, Ciudad Real",False
Monachil,Monachil,False
Aldeanueva de la Serrezuela,Aldeanueva de la Serrezuela,False
YESTE,YESTE,False
Adeje,Adeje,False
iznatoraf,iznatoraf,False
Villena ,Villena ,False
Cuesta Eusebia,Cuesta Eusebia,False
Altea,Altea,False
RONDA,Ronda,True
Leganes,Leganes,False
Garós,Garós,False
Oropesa (Toledo),Toledo,True
Chiclana,Chiclana,False
Cazorla,Cazorla,False
"Playa Blanca, Las Palmas","Playa Blanca, Las Palmas",False
"Hiendelaencina, Guadalajara",Guadalajara,True
Malaga,Málaga,True
Cáceres,Cáceres,False
Chiclana De La Frontera,Jerez de la Frontera,True
Sanchidrian,Sanchidrian,False
Ciutadella de Menorca,Ciutadella de Menorca,False
"Villalón de Campos, Valladolid",Valladolid,True
Arbancon,Arbancon,False
Albarracín,Albarracín,False
"Olivenza, Badajoz","Olivenza, Badajoz",False
San Jose,San Jose,False
VILLAVICIOSA,VILLAVICIOSA,False
Mercadal,Mercadal,False
Cabrera de Mar,La Cabrera,True
"Blanes, Girona",Girona,True
Les Useres,Les Useres,False
Fontanilles,Fontanilles,False
Moriles,Moriles,False
Llubí,Llubí,False
Helechosa de los Montes,Espinosa de los Monteros,True
Montejaque,Montejaque,False
Madrid ,Madrid,True
Cullar Vega,Cullar Vega,False
Los Llanos de Aridane,Los Llanos de Aridane,False
Larrión,Larrión,False
Arure,Arure,False
"El Vilosell, Lleida","Arsèguel, Lleida",True
Villablino ,Villablino ,False
Puigcerdà,Puigcerdà,False
Huerta de Vero,Huerta de Vero,False
Llivia,Llivia,False
"Ribera de Cardós, Lleida","Ribera de Cardós, Lleida",False
La Riera de Covadonga,La Riera de Covadonga,False
Campllong,Pamplona,True
"Teia, BARCELONA",Barcelona,True
TORRELLES DEFOIX,TORRELLES DEFOIX,False
vada,vada,False
Ribes de Freser,Ribes de Freser,False
"Celrà, Girona",Girona,True
El cotillo,El cotillo,False
"Lubrín, Almería","Lubrín, Almería",False
TEULADA,TEULADA,False
Burjassot,Burjassot,False
Beranga,Beranga,False
Villargordo del Cabriel,Villargordo del Cabriel,False
Los Realejos,Los Realejos,False
"Puente Nuevo, El Tiemblo","Puente Nuevo, El Tiemblo",False
Salinas,Salinas,False
GARGANTILLA de LOZOYA,GARGANTILLA de LOZOYA,False
El Paso,El Paso,False
"Laspaúles, Huesca","Laspaúles, Huesca",False
Sant Salvador de Bianya,Sant Salvador de Bianya,False
Tossa de Mar,Tossa de Mar,False
Borau,Borau,False
"San Luis de Sabinillas, Manilva","San Luis de Sabinillas, Manilva",False
Vilallonga de Ter (Girona),Vilallonga de Ter (Girona),False
El Castell de Guadalest,El Castell de Guadalest,False
"Deltebre, Tarragona",Tarragona,True
"San Martín de Castañeda, Zamora",Zamora,True
Castell de Castells,Castell de Castells,False
Alaró,Alaró,False
Vimbodí i Poblet,Vimbodí i Poblet,False
"Icod de los Vinos, Santa Cruz de Tenerife",Santa cruz de Tenerife,True
Santa Cruz de las Serós,"San José de los Llanos, Santa Cruz de Tenerife",True
"Güejar Sierra, Granada",Granada,True
LLÍVIA,LLÍVIA,False
Santa Ursula,Santa Ursula,False
Osma,Osma,False
Sunbilla,Sunbilla,False
"Cala en Porter, Illes Balears","Maó, Illes Balears",True
CANGAS DE ONIS,CANGAS DE ONIS,False
L'Estartit,L'Estartit,False
"Tramacastilla de Tena, Huesca","Tramacastilla de Tena, Huesca",False
Ullastrell,Ullastrell,False
Beuda,Beuda,False
"Donas, A Coruña",A Coruña,True
Maspalomas,Maspalomas,False
La Sénia,La Sénia,False
"Cortelazor, HUELVA","Cortelazor, HUELVA",False
Jávea/Xàbia,Jávea/Xàbia,False
Cataluña,Cataluña,False
Cangas de Onís,Cangas de Onís,False
"Benalmádena, Málaga,","Benalmádena, Málaga,",False
Graus,Graus,False
Los Delfines,Los Delfines,False
Canet de Adri,Canet de Adri,False
Coll de Nargó,Coll de Nargó,False
San Vicente del Raspeig ,San Vicente del Raspeig ,False
Noguera de Albarracín,Noguera de Albarracín,False
Guitiriz,Guitiriz,False
"Olveira, A Coruña",A Coruña,True
"Montecorto, Málaga",Málaga,True
Aldea,Aldea,False
La Lastrilla,La Lastrilla,False
Molló,Molló,False
TOSSA DE MAR,Tossa de Mar,True
"Orba, Alicante",Alicante,True
Rosas,Rosas,False
Bullas,Bullas,False
San Jorge de Heres,San Jorge de Heres,False
Arafo,Arafo,False
Jerez de la Frontera ,Jerez de la Frontera,True
"Alhaurin El Grande, Málaga",Málaga,True
Felanitx,Felanitx,False
"Fernán Pérez, Almería","Fernán Pérez, Almería",False
"Tarifa, Cádiz (El Bujeo)","Tarifa, Cádiz",True
"Albuñol, Granada,",Granada,True
Rades de Abajo,Rades de Abajo,False
Herrán,Herrán,False
"Arbancón, Guadalajara",Guadalajara,True
"Les Mines d'Osor, Girona",Girona,True
Monells,Monells,False
"Grazalema, Cádiz",Cádiz,True
"La Esperanza,","La Esperanza,",False
"El Paso, Santa Cruz de Tenerife",Santa cruz de Tenerife,True
Tudela,"Tudela, Navarra",True
Cee,Cee,False
"Caldas de Reis, Pontevedra",Pontevedra,True
Miranda De Ebro,Miranda De Ebro,False
Las Breñas,Las Breñas,False
Gargüera de la Vera - Cáceres ,Gargüera de la Vera - Cáceres ,False
"El Medano, Santa Cruz de Tenerife",Santa cruz de Tenerife,True
Benidorm,Benidorm,False
Villalba de la Sierra ,Villalba de la Sierra ,False
Alcalà de Xivert,Alcalà de Xivert,False
Portilla de la Reina,Talavera de la Reina,True
"Altès, Lleida","Altès, Lleida",False
Vilagarcia de Arousa,Vilagarcia de Arousa,False
"San Pere de Ribes, Barcelona",Barcelona,True
"Oiartzun, Gipuzkoa","Donostia, Gipuzkoa",True
"Biescas, Valdes, Asturias","Candás, Asturias",True
Gaucín,Gaucín,False
San Justo de la Vega,San Justo de la Vega,False
El Hierro,El Hierro,False
Pozuelo de Calatrava,Pozuelo de Calatrava,False
Elviria,Elviria,False
Sant Jordi,Sant Jordi,False
San Bartolomé de Tirajana,San Bartolomé de Tirajana,False
Arlanza,Arlanza,False
"La Pobla de Cérvoles, Lleida","La Pobla de Cérvoles, Lleida",False
Camprodón,Camprodón,False
El Torno Caceres,El Torno Caceres,False
Mora De Luna,Mora De Luna,False
Meaño,Meaño,False
"Abárzuza, Navarra,","Tudela, Navarra",True
"Candeleda, Ávila","Candeleda, Ávila",False
Moià,Moià,False
Puerto Santa Maria,"El Puerto de Sta María, Cádiz",True
Casaio,Casaio,False
"Gor, Granada",Granada,True
"Ardales, Málaga",Málaga,True
L'Hospitalet de Llobregat ,L'Hospitalet de Llobregat ,False
Benia de Onis,Benissa,True
ValDespino de Sanabria ,ValDespino de Sanabria ,False
Fregenal de la Sierra,Fregenal de la Sierra,False
Tagamanent,Tagamanent,False
Prioro,Prioro,False
Son Ferrer,Son Ferrer,False
Bor,Bor,False
Sant Jaume de Llierca,Sant Jaume de Llierca,False
Cabanes,Cabanes,False
Valencina de la Concepcion,Valencina de la Concepcion,False
Tezanos,Tezanos,False
Olerdola,Olerdola,False
Son Carrió i Cala Millor,Son Carrió i Cala Millor,False
Murcia ,MURCIA,True
Osuna,Osuna,False
Llabiá,Llabiá,False
"Monachil, Granada",Granada,True
Sarroqueta (El Pont de Suert),Sarroqueta (El Pont de Suert),False
GIRONA,Girona,True
Liérganes,Liérganes,False
Caravaca de la Cruz ,Caravaca de la Cruz ,False
Berlanga de Duero,Berlanga de Duero,False
Corbera d'Ebre,Corbera d'Ebre,False
"Benaojan, Malaga",MALAGA,True
"Estepar, Burgos",Burgos,True
Busturi-Axpe,Busturi-Axpe,False
Cazalla de la Sierra,Cazalla de la Sierra,False
Prades,Prades,False
La Salzadella,La Salzadella,False
RUIDERA,RUIDERA,False
Casas del Castañar,Casas del Castañar,False
Castrillón,Castrillón,False
La Torre de Claramunt,La Torre de Claramunt,False
Valldevia,Valldevia,False
Benimantell,Benimantell,False
Santa Cruz de Tenerife ,Santa cruz de Tenerife,True
"Lanjarón, Granada",Granada,True
Villarrobledo,Villarrobledo,False
Hoyo de Manzanares,Hoyo de Manzanares,False
"Vilaronte, Lugo","Vilaronte, Lugo",False
san juan playa,san juan playa,False
"Las Rozas, Madrid",Madrid,True
Alajeró,Nájera,True
Mal Partida de Plasencia,Mal Partida de Plasencia,False
"Fondón, Almería","Fondón, Almería",False
Dénia,Denia,True
Cala Rajada,Cala Rajada,False
Caldes d'Estrac,Caldes d'Estrac,False
Very Cool Cool City,Very Cool Cool City,False
Ibiza,Ibiza,False
"San Sebastián de La Gomera, Santa Cruz de Tenerife",Santa cruz de Tenerife,True
"Ramirás, Ourense","Ramirás, Ourense",False
"Aldeaquemada, Jaén",Jaén,True
Gata,Gata,False
"Lodares de Osma, Soria,","Lodares de Osma, Soria,",False
Hostafrancs,Hostafrancs,False
Ávila,Ávila,False
San Cristóbal de la Laguna,San Cristóbal de la Laguna,False
Fuente de Piedra,Fuente de Piedra,False
Gandía,Gandía,False
Cala d'0r,Cala d'0r,False
Mas de Barberans,Mas de Barberans,False
La Pera,La Pera,False
El Real de San Vicente,El Real de San Vicente,False
Lekeitio (Bizkaia),Lekeitio (Bizkaia),False
ALDEA DEL CANO,ALDEA DEL CANO,False
EL CARMOLI,EL CARMOLI,False
Cabanelles,Cabanelles,False
Villajoyosa,Villajoyosa,False
"Sant Joan de les Abadesses, Girona,","Sant Joan de les Abadesses, Girona,",False
SANT JULIA DE RAMIS,SANT JULIA DE RAMIS,False
Gratallops,Gratallops,False
cadiz,Cádiz,True
Betren,Betren,False
Arsèguel,"Arsèguel, Lleida",True
Zuheros,Zuheros,False
Lloseta,Lloseta,False
Candás,Candás,False
Playa de las Americas,Playa de las Americas,False
Albarracin,Albarracin,False
"Pantón, Lugo","Pantón, Lugo",False
SEVILLA,Sevilla,True
BOT,BOT,False
Guardiola de Fontrubí,Guardiola de Fontrubí,False
Almuradiel,Almuradiel,False
Las Palmas de Gran Canaria ,Las Palmas de Gran Canaria,True
"Libros, Teruel","Libros, Teruel",False
"Candelario, Salamanca",Salamanca,True
Puebla de Almenara,Puebla de Almenara,False
"Talarn, Lérida","Talarn, Lérida",False
chiclana de la frontera ,Jerez de la Frontera,True
"Higueruelas, Valencia",Valencia,True
"Arguedas, Navarra","Arguedas, Navarra",False
Guadalupe,Guadalupe,False
"Arenales Del Sol, Elche","Arenales Del Sol, Elche",False
Caleta de Fuste,Castillo Caleta de Fuste,True
"Higuera De La Sierra, Huelva","Higuera De La Sierra, Huelva",False
"La Guardia, Toledo",Toledo,True
"Playa del Inglés, Las Palmas","Playa del Inglés, Las Palmas",False
Calella de Palafrugell,Calella de Palafrugell,False
Astorga,Astorga,False
Montehermoso,Montehermoso,False
Laspaúles,Laspaúles,False
"Tacoronte, Santa Cruz de Tenerife ",Santa cruz de Tenerife,True
Valdelaguna,Valdelaguna,False
Iznájar,Iznájar,False
banyoles,banyoles,False
"Molló, Girona",Girona,True
San Cristóbal de Segovia,San Cristóbal de Segovia,False
Legutio,Legutio,False
"Castellar de la Muntanya, Girona",Girona,True
TAZACORTE,TAZACORTE,False
Guadalcanal,Guadalcanal,False
Xavestre,Xavestre,False
El Altet,El Altet (Elche) Alicante,True
La Santa,La Santa,False
"Mijas Costa, (Málaga)","Mijas, Málaga",True
Garachico,Garachico,False
"Paulenca, Granada",Granada,True
"Susqueda, Girona",Girona,True
Los Cristianos ,Los Cristianos ,False
"Tejeda de Tiétar, Cáceres","Tejeda de Tiétar, Cáceres",False
Alcaidesa,Alcaidesa,False
Castilleja de la Cuesta,Castilleja de la Cuesta,False
"Vilanova De Arousa, Pontevedra",Pontevedra,True
Rellinars,Rellinars,False
Villaviciosa,Villaviciosa,False
Llagostera,Llagostera,False
Mazcuerras,Mazcuerras,False
Benilloba,Benilloba,False
Soto en cameros,Soto en cameros,False
 Durón, Durón,False
Playa Blanca,Playa Blanca,False
"Guadalupe, Cáceres,","Guadalupe, Cáceres,",False
Arucas,Arucas,False
Vilagarcía de Arousa,Vilagarcía de Arousa,False
Javea,Javea,False
Bellver de Cerdanya,Bellver de Cerdanya,False
"Vielha, Lleida,","Vielha, Lleida,",False
El Rourell,El Rourell,False
"Abarca de Campos, Palencia","Abarca de Campos, Palencia",False
"El Rompido, Huelva,","El Rompido, Huelva,",False
"Adamuz, Córdoba",Córdoba,True
Navaluenga,Navaluenga,False
"Les Masies de Voltregà, Barcelona",Barcelona,True
Avila,Avila,False
"Celanova, Ourense","Celanova, Ourense",False
Patro,Patro,False
Vera de Moncayo,Vera de Moncayo,False
"Campo de Criptana, Ciudad Real","Campo de Criptana, Ciudad Real",False
Sant Climenç,Sant Climenç,False
"Serdio, Cantabria","Serdio, Cantabria",False
Llavorsí,Llavorsí,False
Villahermosa del rio,Villahermosa del rio,False
Grau de Gandia,Grau de Gandia,False
Alcover,Alcover,False
Vielha ,Vielha ,False
Pozo Alcón,Pozo Alcón,False
Cordoba ,Córdoba,True
Caleta de Velez (Málaga),Caleta de Velez (Málaga),False
GÜÍMAR,GÜÍMAR,False
Roques Daurades,Roques Daurades,False
"Porto Cristo, Manacor",Manacor,True
Asturias,"Candás, Asturias",True
"Dehesa de Cuéllar, Segovia",Segovia,True
"Teo, Santiago de Compostela",Santiago de Compostela,True
Silleda,Silleda,False
Jérica,Jérica,False
Arroyo Frío,Arroyo Frío,False
San Roque - Alcaidesa,San Roque - Alcaidesa,False
Aldeadávila de la Ribera,Aldeadávila de la Ribera,False
"Ferrol, A Coruña, ",A Coruña,True
Adra,Adra,False
Navia,Navia,False
 La Laguna- Guamasa-Tenerife, La Laguna- Guamasa-Tenerife,False
Villanueva de Colombres,Villanueva de Colombres,False
Benidorm ,Benidorm ,False
Alpera,Calpe,True
Mieres,Mieres,False
El Poble Nou de Benitatxell,El Poble Nou de Benitatxell,False
Baralla,Baralla,False
"Jimena de la Frontera, Cádiz",Cádiz,True
Borriana,Borriana,False
Isla Canela,Isla Canela,False
Oropesa,Oropesa,False
Orbaizeta,Orbaizeta,False
Grazalema,Grazalema,False
TALAVERUELA DE LA VERA,Talavera de la Reina,True
Cabrales,Cabrales,False
ALICANTEALACANT,Alicante,True
SA RAPITA,SA RAPITA,False
Lladurs,Lladurs,False
Hospitalet de Llobregat ,Hospitalet de Llobregat ,False
LUARCA,LUARCA,False
"Argamasilla de Alba, Ciudad Real,","Argamasilla de Alba, Ciudad Real,",False
L´'Aldea,L´'Aldea,False
Fisterra,Fisterra,False
El Pueyo de Jaca,El Pueyo de Jaca,False
Maia de Moncal,Maia de Moncal,False
"La Plana de Mont-Ros, Lleida, ","La Plana de Mont-Ros, Lleida, ",False
"Casarabonela, Málaga",Málaga,True
Mogón (Villacarrillo),Mogón (Villacarrillo),False
"Lloret de Mar, Girona",Girona,True
Alcúdia ,L'Alcúdia,True
Alcúdia,L'Alcúdia,True
"El Morche, Malága","El Morche, Malága",False
Jaen,Jaén,True
Bielsa,Bielsa,False
La Bisbal,La Bisbal,False
COSTA TEGUISE,COSTA TEGUISE,False
Montanchez,Montanchez,False
Labuerda,Labuerda,False
Munebrega,Munebrega,False
Pollensa,Pollensa,False
Ardales,Ardales,False
La Estrella (Toledo),La Estrella (Toledo),False
"GUIXERS, Lleida","Arsèguel, Lleida",True
Fataga,Fataga,False
Molina de Aragón,Molina de Aragón,False
"Camuñas, Toledo",Toledo,True
La Orotava- Tenerife / España,La Orotava- Tenerife / España,False
Cangas de Onis,Cangas de Onis,False
"Roquetas de Mar, Almería,","Roquetas de Mar, Almería,",False
Gombrèn,Gombrèn,False
" Altura, Castellón"," Altura, Castellón",False
Potes,Potes,False
Carmona,Carmona,False
Sobremazas,Sobremazas,False
Radazul,Radazul,False
BALDELLOU,BALDELLOU,False
Tenerife ,Santa cruz de Tenerife,True
Ruente,Ruente,False
"La Donzell, Lleida","La Donzell, Lleida",False
Arriate,Sarria,True
El Ventorrillo,El Ventorrillo,False
Almogía (Málaga),Málaga,True
Baraibar,Baraibar,False
Vilademuls,Vilademuls,False
"Pechina, ALMERIA","Pechina, ALMERIA",False
Arcos de la frontera,Jerez de la Frontera,True
Ponteareas - Pontevedra,Pontevedra,True
Claverol,Claverol,False
La Fatarella,La Fatarella,False
"Fene, A Coruña",A Coruña,True
Medina de Pomar,Medina de Pomar,False
L'Hospitalet de Llobregat,L'Hospitalet de Llobregat,False
Viveiro (Lugo),Viveiro (Lugo),False
ATAPUERCA,ATAPUERCA,False
Cómpeta,Cómpeta,False
"Espot, Lleida,","Espot, Lleida",True
Benajarafe,Benajarafe,False
Vigo. Pontevedra,Pontevedra,True
"Moraira, Alicante",Alicante,True
Gargantilla del Lozoya,Gargantilla del Lozoya,False
"Parres, Llanes","Parres, Llanes",False
"Dos Hermanas, Sevilla",Sevilla,True
Ituren,Ituren,False
 Santa Susanna, Santa Susanna,False
Naron,Naron,False
Sepúlveda,"Sepúlveda, Segovia",True
ALMERIA (ROQUETAS DE MAR),ALMERIA (ROQUETAS DE MAR),False
"El Papiol, Barcelona",Barcelona,True
Caleta De fuste,Castillo Caleta de Fuste,True
"Cazalla de la Sierra, Sevilla",Sevilla,True
Ezcaray,Ezcaray,False
Les Pereres,Les Pereres,False
"Cesantes, Pontevedra",Pontevedra,True
Linares de Mora,Linares de Mora,False
Puerto Pollensa,Puerto Pollensa,False
Torredembarra,Torredembarra,False
Fuengirola,Fuengirola,False
Telde,Telde,False
Villanueva de la Serena,Villanueva de la Serena,False
Penaguila,Penaguila,False
ALEDO,Toledo,True
Málaga ( Campanillas),Málaga ( Campanillas),False
Santa Cruz de Pinares (Ávila),Santa Cruz de Pinares (Ávila),False
Pinilla Del Valle,Pinilla Del Valle,False
Barbadillo del Pez,Barbadillo del Pez,False
"Benidorm, Alicante",Alicante,True
Campillo de Dueñas,Campillo de Dueñas,False
"Carpio de Azaba, Salamanca",Salamanca,True
Colmenar de Oreja,Colmenar de Oreja,False
Vecindario,Vecindario,False
Collbató,Collbató,False
sevilla,Sevilla,True
Santa Coloma de Farners,Santa Coloma de Farners,False
Suances,Suances,False
Horche,Horche,False
El Torno,El Torno,False
"La Xara, Alicante",Alicante,True
SANTA MARIA DE PALAUTORDERA,SANTA MARIA DE PALAUTORDERA,False
Albanchez de Magina,Albanchez de Magina,False
Benalmadena,Benalmadena,False
Agaete,Agaete,False
"Bustares, Guadalajara",Guadalajara,True
Petra,Petra,False
Valldoreix,Valldoreix,False
 Cadalso de los Vidrios, Cadalso de los Vidrios,False
 Alicante,Alicante,True
Cala Millor,Cala Millor,False
Ciutadella de Menorca ,Ciutadella de Menorca ,False
CALETA DE SEBO,CALETA DE SEBO,False
Fanzara,Fanzara,False
Cala d'Or,Cala d'Or,False
Bolulla,Bolulla,False
Vic,Vic,False
Lajares - La Oliva Fuerteventura,Lajares - La Oliva Fuerteventura,False
Ribadesella,Ribadesella,False
Amieva,Amieva,False
Os De Civís,Os De Civís,False
Argentona,Argentona,False
"Abades, Segovia",Segovia,True
Roquetas de Mar Almeria,Roquetas de Mar Almeria,False
Cardona,Cardona,False
Salou ,Salou,True
"San Martín de la Vega del Alberche, Ávila","San Martín de la Vega del Alberche, Ávila",False
"San Juan de Plan, Huesca","San Juan de Plan, Huesca",False
Peníscola,Peníscola,False
Aldeadavila De La Ribera,Aldeadavila De La Ribera,False
Cadiz ,Cádiz,True
Bargas,Bargas,False
Roni,Roni,False
Ribeira,Ribeira,False
Las Palmas,Las Palmas de Gran Canaria,True
"Suárbol, Léon","Suárbol, Léon",False
BARCELONA,Barcelona,True
"Hervás, Cáceres","Hervás, Cáceres",False
Nomad Malaga,Málaga,True
Ortiguero de cabrales,Ortiguero de cabrales,False
Álguilas,Álguilas,False
fuengirola,fuengirola,False
Playa de Muro,Playa de Muro,False
Montellano,Montellano,False
La Puerta de Segura Jaén ,La Puerta de Segura Jaén ,False
VALDERROBRES,Valderrobres,True
Haro,Haro,False
Massalfassar,Massalfassar,False
"Carrizo de la Ribera, León,","Carrizo de la Ribera, León,",False
"Vilassar de Dalt, Barcelona,","Vilassar de Dalt, Barcelona,",False
Carbonero el Mayor,Carboneras,True
"Rubió, Barcelona ",Barcelona,True
GARRUCHA,GARRUCHA,False
"Vigo, Zamora",Zamora,True
Tornavacas,Tornavacas,False
"Fuentespina, Burgos",Burgos,True
Maçanet de la selva ,Maçanet de la selva ,False
Fernán Perez,Fernán Perez,False
Benalmadena Costa,Benalmadena Costa,False
Camprodon ,Camprodon ,False
Benasque ,Benasque ,False
Cangas De Onís,Cangas De Onís,False
Corullón,Corullón,False
ecija,ecija,False
Islas Canarias,Islas Canarias,False
Malgrat de Mar,Malgrat de Mar,False
Malón,Malón,False
Campello,Campello,False
Aldehuela de la Bóveda (Salamanca),Aldehuela de la Bóveda (Salamanca),False
 Pulgar, Pulgar,False
"Pedrazales (Parque Natural del lago de Sanabria), Galende, Zamora",Zamora,True
"Las Palmas de Gran Canaria, Las Palmas,",Las Palmas de Gran Canaria,True
Benahavís,Benahavís,False
Piedrafita,Piedrafita,False
Besalú,Besalú,False
Colonia de Sant Jordi,Colonia de Sant Jordi,False
L'Esquirol,L'Esquirol,False
Torremolinos ,Torremolinos ,False
Dobro (Burgos),Burgos,True
"San Miguel de Abona, Santa Cruz de Tenerife",Santa cruz de Tenerife,True
Vinaròs,Vinaròs,False
Matute de la Sierra,Matute de la Sierra,False
San Miguel,San Miguel,False
San Sebastián,San Sebastian ,True
"La Parrilla, Valladolid",Valladolid,True
"Los Molinos, Madrid",Madrid,True
Sant Marti de Centelles,Sant Marti de Centelles,False
Villalcázar de Sirga,Villalcázar de Sirga,False
salamanca ,Salamanca,True
Granada ,Granada,True
Alicante ,Alicante,True
Rozalen del Monte,Rozalen del Monte,False
"Gandia, 46730, Valencia",Valencia,True
Vielha,Vielha,False
Estación de Cortes de la Frontera,Estación de Cortes de la Frontera,False
Vilafranca de Bonany,Vilafranca de Bonany,False
"Baralla, Lugo","Baralla, Lugo",False
"Vilabella, Tarragona",Tarragona,True
Binibona,Binibona,False
Azuelo,Azuelo,False
Sierra de Fuentes,Sierra de Fuentes,False
Almeria,Almeria,False
Maià de Montcal,Maià de Montcal,False
Mancor de la Vall,Mancor de la Vall,False
Rojals,Rojals,False
Sant Josep de sa Talaia,Sant Josep de sa Talaia,False
"Sahagún, León",León,True
Paderne,Paderne,False
Belmonte,Belmonte,False
BENICARLO,BENICARLO,False
CALPE,Calpe,True
Cobisa (Toledo),Toledo,True
HOSPITALET DE LLOBREGAT ,HOSPITALET DE LLOBREGAT ,False
Andratx,Andratx,False
Almonaster La Real,Almonaster La Real,False
Cazorla (Jaén),Jaén,True
Pozán de Vero,Pozán de Vero,False
Canet de Berenguer,Canet de Berenguer,False
"Villanueva del Trabuco, Málaga",Málaga,True
"Moral de Calatrava, Ciudad Real","Moral de Calatrava, Ciudad Real",False
Icod de los Vinos,Icod de los Vinos,False
Pals,Pals,False
"Trefacio, Zamora, Spain","Trefacio, Zamora, Spain",False
Casas del Rey,Casas del Rey,False
Esterri d'Àneu,Esterri d'Àneu,False
Gerindote,Gerindote,False
"Burela, Lugo","Burela, Lugo",False
Costa Adeje,Costa Adeje,False
Cervera del Rio Alhama,Cervera del Rio Alhama,False
Sueca,Sueca,False
Sant Pere de Vilamajor,Sant Pere de Vilamajor,False
San Agustín San Bartolome de Tirajana ,San Agustín San Bartolome de Tirajana ,False
la Marina,la Marina,False
Delt Ebre,Delt Ebre,False
Orellana la Vieja ,Orellana la Vieja ,False
Playa Paraiso,Playa Paraiso,False
La Coruña,A Coruña,True
Palma de Mallorca,Palma de Mallorca,False
"Los Llanos de Aridane, La Palma","Los Llanos de Aridane, La Palma",False
Atxondo,Atxondo,False
Porrera,Porrera,False
Santa Linya,Santa Linya,False
Zarautz y Fuerteventura,Zarautz y Fuerteventura,False
Costa Adeje ,Costa Adeje ,False
Pantín Valdoviño,Pantín Valdoviño,False
"Hinojales, Huelva","Hinojales, Huelva",False
Foz,Foz,False
Trevélez,Trevélez,False
Ponteveda,Pontevedra,True
Velada,Velada,False
pitillas,pitillas,False
Playa honda San Bartolome Lanzarote,Playa honda San Bartolome Lanzarote,False
Cistella,Estella,True
Carcabuey,Carcabuey,False
Mijas pueblo,Mijas pueblo,False
Moraira,Moraira,False
"Hostafrancs, Els plans de sió, LLEIDA","Hostafrancs, Els plans de sió, LLEIDA",False
Alboraya,Alboraya,False
Arrecife,Arrecife,False
Sant Llorenç des Cardassar,Sant Llorenç des Cardassar,False
Málaga ,Málaga,True
San Martín de Valdeiglesias,San Martín de Valdeiglesias,False
"Motril, Granada",Granada,True
Costa Calma (Fuerteventura),Costa Calma (Fuerteventura),False
Villanueva de Tapia,Villanueva de Tapia,False
Lloret de Mar ,Lloret de Mar ,False
"Playa del Ingles, Maspalomas","Playa del Ingles, Maspalomas",False
Campanillas,Campanillas,False
Castillo Pedroso,Castillo Pedroso,False
Lerín,Lerín,False
Burriana,Burriana,False
El Rompido,El Rompido,False
Hoyos del Espino,Hoyos del Espino,False
LA PENILLA,LA PENILLA,False
Unquera,Unquera,False
Capmany,Capmany,False
"Plasenzuela, Cáceres","Plasenzuela, Cáceres",False
Cubelles,Cubelles,False
Camós,Camós,False
Barcience,Barcience,False
"El Casar de Talavera, Toledo",Toledo,True
Alcalá de Henares,"Alcalá de Henares, Madrid",True
Gijón,Gijón,False
"Valentín, Murcia,","Valentín, Murcia,",False
Mogan,Mogan,False
Vélez Blanco,Vélez Blanco,False
"Puerto del Carmen, Tías ","Puerto del Carmen, Tías ",False
Puerto del Carmen (Tias) ,Puerto del Carmen (Tias) ,False
Benissa ,Benissa,True
"Maspalomas, Las Palmas","Maspalomas, Las Palmas",False
Villabrágima,Villabrágima,False
Bot,Bot,False
Lloret de Mar,Lloret de Mar,False
"Urbanización La Alcaidesa,La Linea de la Concepción","Urbanización La Alcaidesa,La Linea de la Concepción",False
Oropesa del Mar,Oropesa del Mar,False
Binisalem,Binisalem,False
La Pobla de Segur,La Pobla de Segur,False
Santa Cruz de la Palma,Santa Cruz de la Palma,False
Mijas Costa,Mijas Costa,False
Cornellà de Terri ,Cornellà de Terri ,False
Caminomorisco,Caminomorisco,False
Burriana ,Burriana ,False
"Atienza, Guadalajara",Guadalajara,True
Castejón de Sos,Castejón de Sos,False
Cartagena ,Artà,True
Puigcerda,Puigcerda,False
Campos,Campos,False
barcelona,Barcelona,True
Subirats,Subirats,False
Trevejo,Trevejo,False
Biescas,Biescas,False
"San Juan del Molinillo, Ávila","San Juan del Molinillo, Ávila",False
La Zubia,La Zubia,False
Nava,Nava,False
TORRES,TORRES,False
BAIONA,BAIONA,False
Puebla de Don Fadrique,Puebla de Don Fadrique,False
Ses Salines,Ses Salines,False
CALANA,CALANA,False
La Granadella,Granada,True
Guía de Isora,Guía de Isora,False
Riofrío - Escalonilla (Ávila),Riofrío - Escalonilla (Ávila),False
"Argés, TOLEDO",Toledo,True
Rueda,Rueda,False
Palomera,Palomera,False
Perafita,Perafita,False
Torreblanca,Torreblanca,False
Calp,Calpe,True
Cartama ,Artà,True
"Oreña, Alfoz de Lloredo","Oreña, Alfoz de Lloredo",False
Aler,Aler,False
Pobladura de las Regueras,Las Regueras,True
Ortigueira,Ortigueira,False
Mijas Costa  (Málaga),"Mijas, Málaga",True
Sotoserrano,Sotoserrano,False
La Nava,La Nava,False
Corral de Ayllón,Corral de Ayllón,False
Bagà,Bagà,False
Becerril de Guía,Becerril de Guía,False
Carrión de los Condes,Carrión de los Condes,False
"Son Parc, Es Mercadal","Son Parc, Es Mercadal",False
Los Alcázares - Región de Murcia,Los Alcázares - Región de Murcia,False
Orellana La Vieja,Orellana La Vieja,False
Calaceite,Calaceite,False
"Salou, Tarragona",Tarragona,True
"Monesterio, Badajoz","Monesterio, Badajoz",False
Páramo del Sil,Páramo del Sil,False
El Tarrós,El Tarrós,False
Alella,Alella,False
NAVARREDONDA DE GREDOS,NAVARREDONDA DE GREDOS,False
Chiclana de la frontera,Jerez de la Frontera,True
QUATRETONDETA,QUATRETONDETA,False
Cordoba,Córdoba,True
Riaño,Riaño,False
MURO DE ALCOI,MURO DE ALCOI,False
Ubrique,Ubrique,False
Porreras,Porreras,False
Escarrilla,Escarrilla,False
San Cristóbal de La Laguna,San Cristóbal de La Laguna,False
Tafalla,Tafalla,False
Gudar,Gudar,False
Hontanar,Hontanar,False
Aín,Aín,False
 MARBELLA ,"Marbella, Málaga",True
Arbuniel,Arbuniel,False
BURGOS,Burgos,True
"Puerto del Rosario, Fuerteventura","Puerto del Rosario, Fuerteventura",False
Castelldefels,Castelldefels,False
Priorat de Banyeres,Priorat de Banyeres,False
Juncosa de Les Garrigues,Juncosa de Les Garrigues,False
Añón de Moncayo,Añón de Moncayo,False
Currelos,Currelos,False
Estamariu,Estamariu,False
Vidreres,Vidreres,False
"Benasque, Huescca","Benasque, Huescca",False
Villaviciosa de Odón,Villaviciosa de Odón,False
"Torroella de Montgrí, Girona",Girona,True
" Lalín, Pontevedra",Pontevedra,True
 El Médano,El Médano,True
Albuñuelas (Granada),Albuñuelas (Granada),False
Forcarei,Forcarei,False
Teia,Teia,False
Santa Susanna,Santa Susanna,False
"Oropesa del Mar, Castellón","Oropesa del Mar, Castellón",False
Sagunto,Sagunto,False
Puig-reig,Puig-reig,False
Sabero,Sabero,False
"El Acebrón, Cuenca",Cuenca,True
Priego de Córdoba,Córdoba,True
"San Carlos del Valle, Ciudad Real","San Carlos del Valle, Ciudad Real",False
Pedreguer,Pedreguer,False
Caimari,Caimari,False
"Villanueva del Ariscal, Sevilla",Sevilla,True
Cuntis,Cuntis,False
"Burgohondo, Ávila","Burgohondo, Ávila",False
Bubión,Bubión,False
Altafulla,Altafulla,False
Gautegiz Arteaga,Gautegiz Arteaga,False
Polop de la Marina,Polop de la Marina,False
Huesca,"Villanúa, Huesca",True
Lanzarote,Lanzarote,False
Benahavis,Benahavis,False
Morón de la Frontera,Jerez de la Frontera,True
Mijas,"Mijas, Málaga",True
Fuerteventura,Fuerteventura,False
